perturbation,n_cells,target_in_subset,ctrl_norm_mean,pert_norm_mean,residual_ratio,kd_stratum
AAAS,212,False,,,,target_not_measured
AAMP,99,False,,,,target_not_measured
AARS,40,False,,,,target_not_measured
AARS2,181,False,,,,target_not_measured
AASDHPPT,49,False,,,,target_not_measured
AATF,298,True,1.1257604916544726,0.14075306094840395,0.1250293130660025,strong
ABCB10,51,False,,,,target_not_measured
ABCB7,199,False,,,,target_not_measured
ABCE1,249,True,2.179380327928274,0.49632107542706205,0.22773495248480402,medium
ABCF1,329,True,2.121430366793177,1.142920368460703,0.5387498860914198,weak
ABCG1,144,False,,,,target_not_measured
ABHD11,49,False,,,,target_not_measured
ABHD17A,95,False,,,,target_not_measured
ABT1,107,False,,,,target_not_measured
ACD,77,False,,,,target_not_measured
ACIN1,191,True,1.5002633086471449,0.9392919863256846,0.6260847551971971,weak
ACOT12,180,False,,,,target_not_measured
ACTB,168,True,21.84645738551863,9.062533115884131,0.41482849855058956,medium
ACTL6A,55,False,,,,target_not_measured
ACTR10,116,False,,,,target_not_measured
ACTR1A,143,False,,,,target_not_measured
ACTR1B,206,False,,,,target_not_measured
ACTR2,236,True,2.0598541299144153,0.18137086501463126,0.08805034413877016,strong
ACTR3,118,False,,,,target_not_measured
ACTR6,108,False,,,,target_not_measured
ACTR8,252,False,,,,target_not_measured
ADAT2,85,False,,,,target_not_measured
ADAT3,125,False,,,,target_not_measured
ADRM1,105,False,,,,target_not_measured
ADSL,133,False,,,,target_not_measured
AFG3L2,15,False,,,,target_not_measured
AHCTF1,290,True,1.5294589120820772,0.562290089207642,0.36763987889167116,medium
AHCY,147,False,,,,target_not_measured
AIFM1,50,False,,,,target_not_measured
AKIRIN2,169,False,,,,target_not_measured
ALDOA,78,False,,,,target_not_measured
ALG1,69,False,,,,target_not_measured
ALG11,97,False,,,,target_not_measured
ALG13,170,False,,,,target_not_measured
ALG14,183,False,,,,target_not_measured
ALG1L,216,False,,,,target_not_measured
ALG2,247,False,,,,target_not_measured
ALYREF,319,True,2.522617765957401,1.4291143774590067,0.5665203808301174,weak
ANAPC1,124,False,,,,target_not_measured
ANAPC10,29,False,,,,target_not_measured
ANAPC11,77,False,,,,target_not_measured
ANAPC13,112,False,,,,target_not_measured
ANAPC15,424,True,0.7931060296002274,0.6352584214260067,0.8009754026787752,weak
ANAPC2,237,False,,,,target_not_measured
ANAPC4,63,False,,,,target_not_measured
ANAPC5,40,False,,,,target_not_measured
ANKLE2,126,False,,,,target_not_measured
ANKRD11,260,True,1.4107306273138938,0.33321606801399034,0.23620105891402632,medium
ANKRD49,144,False,,,,target_not_measured
ANKS6,95,False,,,,target_not_measured
ANLN,96,False,,,,target_not_measured
AP2M1,215,True,2.225932662443218,1.2792576313259747,0.5747063479996928,weak
AP2S1,123,False,,,,target_not_measured
AQP7,108,False,,,,target_not_measured
AQR,90,False,,,,target_not_measured
ARCN1,333,True,0.8796404296377194,0.37063402377135685,0.4213471906060557,medium
ARF4,89,False,,,,target_not_measured
ARFRP1,138,False,,,,target_not_measured
ARGFX,84,False,,,,target_not_measured
ARGLU1,498,True,2.384598485827472,0.4294505811651927,0.1800934554465132,strong
ARHGAP11B,212,False,,,,target_not_measured
ARID3A,31,False,,,,target_not_measured
ARIH1,59,False,,,,target_not_measured
ARL2,74,False,,,,target_not_measured
ARL4D,120,False,,,,target_not_measured
ARMC6,86,False,,,,target_not_measured
ARMC7,110,False,,,,target_not_measured
ARPC2,227,True,2.4027697736974294,0.839376724849307,0.3493371416761489,medium
ARPC3,141,False,,,,target_not_measured
ARPC4,220,True,0.9814419750380425,0.12123864279317098,0.12353113671184844,strong
ASF1B,284,False,,,,target_not_measured
ATF4,72,False,,,,target_not_measured
ATF5,141,False,,,,target_not_measured
ATL2,120,False,,,,target_not_measured
ATP1A1,84,False,,,,target_not_measured
ATP2A2,158,False,,,,target_not_measured
ATP6AP1,119,False,,,,target_not_measured
ATP6AP2,175,False,,,,target_not_measured
ATP6V0B,147,True,4.929689396446853,0.6579522829199013,0.1334672897229854,strong
ATP6V0C,53,False,,,,target_not_measured
ATP6V0D1,101,False,,,,target_not_measured
ATP6V1A,96,False,,,,target_not_measured
ATP6V1B2,442,False,,,,target_not_measured
ATP6V1C1,59,False,,,,target_not_measured
ATP6V1D,139,False,,,,target_not_measured
ATP6V1E1,188,False,,,,target_not_measured
ATP6V1F,72,False,,,,target_not_measured
ATP6V1G1,67,False,,,,target_not_measured
ATP6V1H,84,False,,,,target_not_measured
ATR,141,False,,,,target_not_measured
ATRIP,184,False,,,,target_not_measured
AURKA,58,False,,,,target_not_measured
AURKAIP1,76,False,,,,target_not_measured
AURKB,33,False,,,,target_not_measured
BANF1,162,True,3.245624676385282,1.0228536950885834,0.3151484835972335,medium
BANP,110,False,,,,target_not_measured
BAP1,200,False,,,,target_not_measured
BARD1,140,False,,,,target_not_measured
BCAR1,246,False,,,,target_not_measured
BCAS2,227,False,,,,target_not_measured
BCL2L1,173,False,,,,target_not_measured
BCLAF1,51,False,,,,target_not_measured
BCR,561,False,,,,target_not_measured
BCS1L,70,False,,,,target_not_measured
BDP1,331,True,1.0674293354763167,0.1626494459200254,0.152374907185258,strong
BET1,131,False,,,,target_not_measured
BGLAP,236,False,,,,target_not_measured
BIRC5,46,False,,,,target_not_measured
BMS1,28,False,,,,target_not_measured
BNIP1,111,False,,,,target_not_measured
BOP1,253,True,0.9843602334201892,0.7916474457376833,0.8042253423699173,weak
BORA,55,False,,,,target_not_measured
BPTF,56,False,,,,target_not_measured
BRCA1,104,False,,,,target_not_measured
BRCA2,147,False,,,,target_not_measured
BRD4,116,False,,,,target_not_measured
BRD8,77,False,,,,target_not_measured
BRF1,166,False,,,,target_not_measured
BRF2,174,False,,,,target_not_measured
BRIP1,132,False,,,,target_not_measured
BRIX1,132,False,,,,target_not_measured
BRK1,180,True,3.2963158375531436,0.33518392158639315,0.10168440710924118,strong
BTF3,79,False,,,,target_not_measured
BTF3L4,141,False,,,,target_not_measured
BUB1,648,True,0.8768825816696468,0.10659960889119179,0.12156657130561146,strong
BUB1B,141,False,,,,target_not_measured
BUB3,409,True,1.4406282255055212,0.41727467883285135,0.2896477185752961,medium
BUD13,174,False,,,,target_not_measured
BUD31,37,False,,,,target_not_measured
BYSL,98,False,,,,target_not_measured
C12orf45,100,False,,,,target_not_measured
C12orf60,110,False,,,,target_not_measured
C14orf178,143,False,,,,target_not_measured
C16orf86,184,False,,,,target_not_measured
C17orf58,58,False,,,,target_not_measured
C19orf25,189,False,,,,target_not_measured
C19orf53,169,True,2.263143632475015,0.3543426237470126,0.1565709832386984,strong
C1D,160,False,,,,target_not_measured
C1QBP,210,True,7.115804655309075,1.1846085737769523,0.1664757017877269,strong
C1QTNF4,199,False,,,,target_not_measured
C1orf109,240,False,,,,target_not_measured
C6orf15,164,False,,,,target_not_measured
C7orf26,86,False,,,,target_not_measured
C7orf50,93,False,,,,target_not_measured
C9orf16,212,True,2.8874608145968694,0.2648649090593518,0.09172935186527569,strong
C9orf78,201,True,2.9031195210944136,0.5186133551549865,0.17864002890224803,strong
CA5A,190,False,,,,target_not_measured
CACNB3,316,False,,,,target_not_measured
CACTIN,60,False,,,,target_not_measured
CADM4,381,False,,,,target_not_measured
CAMLG,99,False,,,,target_not_measured
CAP1,26,False,,,,target_not_measured
CAPZB,83,False,,,,target_not_measured
CARS,19,False,,,,target_not_measured
CASP8AP2,211,False,,,,target_not_measured
CBLL1,102,False,,,,target_not_measured
CBLN1,214,False,,,,target_not_measured
CBX1,151,False,,,,target_not_measured
CCAR1,48,False,,,,target_not_measured
CCDC115,211,False,,,,target_not_measured
CCDC130,113,False,,,,target_not_measured
CCDC137,198,False,,,,target_not_measured
CCDC144A,117,False,,,,target_not_measured
CCDC144NL,87,False,,,,target_not_measured
CCDC174,104,False,,,,target_not_measured
CCDC59,125,False,,,,target_not_measured
CCDC78,142,False,,,,target_not_measured
CCDC84,79,False,,,,target_not_measured
CCDC86,253,False,,,,target_not_measured
CCNA2,24,False,,,,target_not_measured
CCNB1,158,False,,,,target_not_measured
CCND1,146,False,,,,target_not_measured
CCNH,79,False,,,,target_not_measured
CCNK,327,False,,,,target_not_measured
CCNL1,177,False,,,,target_not_measured
CCP110,47,False,,,,target_not_measured
CCT2,199,True,4.7032031270595205,0.5734410292775919,0.12192563531401454,strong
CCT3,234,True,7.591771769010712,0.7974751546018345,0.1050446692637803,strong
CCT4,251,True,4.183737206442674,0.7354951079228623,0.17579859145795515,strong
CCT5,66,False,,,,target_not_measured
CCT6A,131,False,,,,target_not_measured
CCT7,152,True,3.483116901420279,0.32838244431016894,0.09427832989936898,strong
CCT8,111,False,,,,target_not_measured
CD2BP2,132,False,,,,target_not_measured
CD3EAP,88,False,,,,target_not_measured
CD8B,112,False,,,,target_not_measured
CDAN1,137,False,,,,target_not_measured
CDC123,112,False,,,,target_not_measured
CDC16,165,False,,,,target_not_measured
CDC20,115,False,,,,target_not_measured
CDC23,177,False,,,,target_not_measured
CDC26,45,False,,,,target_not_measured
CDC27,366,True,0.6726268341701487,0.3426155351150714,0.509369412146294,weak
CDC37,174,True,1.7535147119229046,1.7604396577808246,1.003949180358074,weak
CDC40,107,False,,,,target_not_measured
CDC42,70,False,,,,target_not_measured
CDC45,92,False,,,,target_not_measured
CDC5L,99,False,,,,target_not_measured
CDC6,192,False,,,,target_not_measured
CDC7,95,False,,,,target_not_measured
CDC73,171,False,,,,target_not_measured
CDCA5,61,False,,,,target_not_measured
CDCA8,82,False,,,,target_not_measured
CDIPT,247,False,,,,target_not_measured
CDK1,347,True,1.2948758593767171,0.46433746183449837,0.35859612214718806,medium
CDK11A,269,False,,,,target_not_measured
CDK2,105,False,,,,target_not_measured
CDK7,18,False,,,,target_not_measured
CDK9,140,False,,,,target_not_measured
CDT1,28,False,,,,target_not_measured
CEBPZ,113,False,,,,target_not_measured
CENPA,76,False,,,,target_not_measured
CENPC,124,False,,,,target_not_measured
CENPE,177,False,,,,target_not_measured
CENPH,63,False,,,,target_not_measured
CENPI,42,False,,,,target_not_measured
CENPJ,282,False,,,,target_not_measured
CENPK,97,False,,,,target_not_measured
CENPN,147,False,,,,target_not_measured
CENPT,65,False,,,,target_not_measured
CENPW,72,False,,,,target_not_measured
CEP152,153,False,,,,target_not_measured
CEP192,202,False,,,,target_not_measured
CEP68,68,False,,,,target_not_measured
CEP85,129,False,,,,target_not_measured
CEP97,135,False,,,,target_not_measured
CFDP1,157,False,,,,target_not_measured
CFL1,23,False,,,,target_not_measured
CHAF1A,38,False,,,,target_not_measured
CHAF1B,84,False,,,,target_not_measured
CHCHD1,84,False,,,,target_not_measured
CHCHD2,90,False,,,,target_not_measured
CHCHD4,140,False,,,,target_not_measured
CHD4,44,False,,,,target_not_measured
CHEK1,295,True,0.868555071183923,0.3339886490866785,0.38453364693550207,medium
CHERP,67,False,,,,target_not_measured
CHMP1A,78,False,,,,target_not_measured
CHMP2A,93,False,,,,target_not_measured
CHMP3,130,False,,,,target_not_measured
CHMP4B,71,False,,,,target_not_measured
CHMP5,110,False,,,,target_not_measured
CHMP6,624,False,,,,target_not_measured
CHMP7,240,False,,,,target_not_measured
CHORDC1,259,True,0.816558952716952,0.07169795793848269,0.08780499889189962,strong
CHTF18,97,False,,,,target_not_measured
CHTF8,45,False,,,,target_not_measured
CHTOP,149,False,,,,target_not_measured
CIAO1,255,True,0.7931237459516297,0.14271200056478656,0.17993661303577985,strong
CIAPIN1,151,False,,,,target_not_measured
CINP,78,False,,,,target_not_measured
CKAP5,315,True,1.4194061297109293,0.6972605669600735,0.4912340114397526,medium
CLASRP,127,False,,,,target_not_measured
CLCC1,47,False,,,,target_not_measured
CLK2,88,False,,,,target_not_measured
CLNS1A,53,False,,,,target_not_measured
CLP1,55,False,,,,target_not_measured
CLSPN,134,False,,,,target_not_measured
CLTC,157,True,2.6806771411750616,0.6053786746728235,0.22583050579804576,medium
CMPK1,173,False,,,,target_not_measured
CMTR1,145,False,,,,target_not_measured
CNIH4,67,False,,,,target_not_measured
CNN2,197,False,,,,target_not_measured
CNOT1,269,True,0.9028591533639407,0.20535778297969257,0.2274527341441409,medium
CNOT2,84,False,,,,target_not_measured
CNOT3,332,False,,,,target_not_measured
COA5,175,False,,,,target_not_measured
COASY,247,False,,,,target_not_measured
COG1,40,False,,,,target_not_measured
COG2,343,False,,,,target_not_measured
COG3,56,False,,,,target_not_measured
COG4,129,False,,,,target_not_measured
COG6,183,False,,,,target_not_measured
COG8,47,False,,,,target_not_measured
COPA,243,False,,,,target_not_measured
COPB1,91,False,,,,target_not_measured
COPB2,129,False,,,,target_not_measured
COPE,143,False,,,,target_not_measured
COPG1,261,False,,,,target_not_measured
COPS2,47,False,,,,target_not_measured
COPS3,73,False,,,,target_not_measured
COPS4,262,False,,,,target_not_measured
COPS5,98,False,,,,target_not_measured
COPS6,235,True,0.8991314903444974,0.0396364001943939,0.04408298521410637,strong
COPS8,224,False,,,,target_not_measured
COPZ1,207,True,1.1797084854963302,0.8386087660372237,0.7108610104507317,weak
COQ2,67,False,,,,target_not_measured
COQ4,162,False,,,,target_not_measured
COQ5,113,False,,,,target_not_measured
COX10,94,False,,,,target_not_measured
COX11,109,False,,,,target_not_measured
COX15,103,False,,,,target_not_measured
COX17,143,False,,,,target_not_measured
COX5A,85,False,,,,target_not_measured
COX5B,118,False,,,,target_not_measured
COX6C,117,False,,,,target_not_measured
COX7B,120,False,,,,target_not_measured
COX7C,165,True,4.875700441056437,0.45376067497695555,0.09306574110993526,strong
CPAMD8,233,False,,,,target_not_measured
CPNE7,101,False,,,,target_not_measured
CPOX,101,False,,,,target_not_measured
CPSF1,50,False,,,,target_not_measured
CPSF2,20,False,,,,target_not_measured
CPSF3,627,True,0.5513498745461478,0.07279625549691279,0.1320327778379131,strong
CPSF4,59,False,,,,target_not_measured
CPSF6,50,False,,,,target_not_measured
CRCP,160,False,,,,target_not_measured
CRKL,120,False,,,,target_not_measured
CRLS1,111,False,,,,target_not_measured
CRNKL1,261,False,,,,target_not_measured
CS,222,False,,,,target_not_measured
CSE1L,432,True,1.2376890480209424,0.12254233847711966,0.09900898668616658,strong
CSH2,179,False,,,,target_not_measured
CSNK1A1,172,True,1.7731459677185382,0.2989113733074641,0.1685768564739573,strong
CSNK2B,128,False,,,,target_not_measured
CSTF1,141,False,,,,target_not_measured
CSTF3,66,False,,,,target_not_measured
CTBP2,110,False,,,,target_not_measured
CTCF,68,False,,,,target_not_measured
CTDP1,117,False,,,,target_not_measured
CTNNBL1,69,False,,,,target_not_measured
CTPS1,14,False,,,,target_not_measured
CTR9,212,False,,,,target_not_measured
CTU2,114,False,,,,target_not_measured
CUL1,223,False,,,,target_not_measured
CUL2,94,False,,,,target_not_measured
CUL3,120,False,,,,target_not_measured
CUL7,33,False,,,,target_not_measured
CWC15,184,False,,,,target_not_measured
CWC22,34,False,,,,target_not_measured
CWC25,149,False,,,,target_not_measured
CWF19L2,194,False,,,,target_not_measured
CXXC1,122,False,,,,target_not_measured
CYC1,98,False,,,,target_not_measured
CYCS,163,True,6.179818569014709,0.3229744104363472,0.05226276578016776,strong
CYFIP1,111,False,,,,target_not_measured
CYP2A13,140,False,,,,target_not_measured
CYP4F11,120,False,,,,target_not_measured
CYS1,170,False,,,,target_not_measured
DAD1,80,False,,,,target_not_measured
DAP3,162,False,,,,target_not_measured
DARS,70,False,,,,target_not_measured
DBF4,131,False,,,,target_not_measured
DBR1,98,False,,,,target_not_measured
DCAF6,137,False,,,,target_not_measured
DCLRE1B,117,False,,,,target_not_measured
DCTN1,197,False,,,,target_not_measured
DCTN2,126,False,,,,target_not_measured
DCTN3,201,False,,,,target_not_measured
DCTN4,77,False,,,,target_not_measured
DCTN5,141,False,,,,target_not_measured
DCTN6,64,False,,,,target_not_measured
DCUN1D5,183,True,2.1231010878987955,0.32360474056274513,0.15242078787826932,strong
DDB1,177,False,,,,target_not_measured
DDN,249,False,,,,target_not_measured
DDOST,86,False,,,,target_not_measured
DDX1,101,False,,,,target_not_measured
DDX10,104,False,,,,target_not_measured
DDX11,128,False,,,,target_not_measured
DDX18,137,False,,,,target_not_measured
DDX19A,103,False,,,,target_not_measured
DDX19B,285,False,,,,target_not_measured
DDX20,114,False,,,,target_not_measured
DDX21,90,False,,,,target_not_measured
DDX23,159,False,,,,target_not_measured
DDX24,286,True,1.1248672502886707,0.217441314054799,0.19330397786849762,strong
DDX27,49,False,,,,target_not_measured
DDX3X,29,False,,,,target_not_measured
DDX41,292,False,,,,target_not_measured
DDX42,44,False,,,,target_not_measured
DDX46,214,True,2.8750357069957664,1.0204098623720599,0.35492076146710705,medium
DDX47,313,False,,,,target_not_measured
DDX49,45,False,,,,target_not_measured
DDX5,151,True,3.9501435115882786,0.5809435456440313,0.14706897203601718,strong
DDX51,128,False,,,,target_not_measured
DDX52,117,False,,,,target_not_measured
DDX54,95,False,,,,target_not_measured
DDX55,163,False,,,,target_not_measured
DDX56,174,False,,,,target_not_measured
DDX59,154,False,,,,target_not_measured
DDX6,76,False,,,,target_not_measured
DENR,251,True,1.0779050526847886,0.08290847112974128,0.07691630252890759,strong
DERL2,124,False,,,,target_not_measured
DHDDS,96,False,,,,target_not_measured
DHFR,125,False,,,,target_not_measured
DHODH,223,False,,,,target_not_measured
DHPS,66,False,,,,target_not_measured
DHX15,359,True,1.031410750278225,0.12580450742164015,0.12197323654781002,strong
DHX16,328,False,,,,target_not_measured
DHX33,140,False,,,,target_not_measured
DHX36,269,True,1.4531867296181562,0.06002401056114527,0.04130509131260603,strong
DHX37,217,False,,,,target_not_measured
DHX8,115,False,,,,target_not_measured
DHX9,92,False,,,,target_not_measured
DICER1,158,False,,,,target_not_measured
DIMT1,94,False,,,,target_not_measured
DIS3,43,False,,,,target_not_measured
DKC1,66,False,,,,target_not_measured
DLD,311,True,1.1792787287963173,0.10068137542483467,0.08537538494194628,strong
DMAP1,78,False,,,,target_not_measured
DMRTA2,107,False,,,,target_not_measured
DNAJA1,292,True,5.165162216631837,1.7841844445006205,0.3454266041743164,medium
DNAJA3,127,False,,,,target_not_measured
DNAJC11,46,False,,,,target_not_measured
DNAJC17,31,False,,,,target_not_measured
DNAJC19,398,True,1.0392913937250419,0.20066643234186005,0.19308004814956542,strong
DNAJC8,277,True,2.280353623640849,0.10887069404223777,0.04774289957204667,strong
DNAJC9,84,False,,,,target_not_measured
DNLZ,140,False,,,,target_not_measured
DNM1,146,False,,,,target_not_measured
DNM1L,168,False,,,,target_not_measured
DNM2,12,False,,,,target_not_measured
DNMT1,170,True,1.9146280243401461,0.1890401062696279,0.0987346387216798,strong
DNTTIP2,264,True,1.072883198308705,0.09257266599600626,0.08628401129026718,strong
DOHH,155,False,,,,target_not_measured
DOLK,146,False,,,,target_not_measured
DONSON,745,False,,,,target_not_measured
DPAGT1,135,False,,,,target_not_measured
DPH1,335,False,,,,target_not_measured
DPH2,164,False,,,,target_not_measured
DPH3,60,False,,,,target_not_measured
DPH6,101,False,,,,target_not_measured
DPM2,153,False,,,,target_not_measured
DPPA2,67,False,,,,target_not_measured
DPY19L2,50,False,,,,target_not_measured
DR1,126,False,,,,target_not_measured
DRAP1,227,True,1.4818643021209672,0.1871162515234858,0.1262708408966121,strong
DRG1,196,False,,,,target_not_measured
DSN1,245,False,,,,target_not_measured
DTL,136,False,,,,target_not_measured
DTYMK,121,False,,,,target_not_measured
DUT,49,False,,,,target_not_measured
DYNC1H1,291,True,1.1237717693056557,0.2715937130042038,0.24168049102355835,medium
DYNC1I2,300,True,0.6686554700557437,0.21304096695435515,0.31861096857039783,medium
DYNLL1,71,False,,,,target_not_measured
DYNLRB1,282,False,,,,target_not_measured
E2F6,150,False,,,,target_not_measured
E4F1,134,False,,,,target_not_measured
EARS2,192,False,,,,target_not_measured
EBNA1BP2,82,False,,,,target_not_measured
ECD,72,False,,,,target_not_measured
ECT2,55,False,,,,target_not_measured
EDC4,166,False,,,,target_not_measured
EEF1A1,37,False,,,,target_not_measured
EEF1B2,32,False,,,,target_not_measured
EEF1G,175,True,15.81330831669424,0.9894843371399703,0.06257288590872306,strong
EEF2,321,True,14.204462065715102,6.543304806799898,0.46065136268646756,medium
EFTUD2,127,False,,,,target_not_measured
EGLN2,362,True,0.6039873238160293,0.3230596634285699,0.5348782179524215,weak
EIF1,95,False,,,,target_not_measured
EIF1AD,33,False,,,,target_not_measured
EIF1AX,134,False,,,,target_not_measured
EIF2B1,178,False,,,,target_not_measured
EIF2B2,319,False,,,,target_not_measured
EIF2B3,104,False,,,,target_not_measured
EIF2B4,324,False,,,,target_not_measured
EIF2B5,461,True,0.551314922441309,0.10782880633151788,0.19558477730665264,strong
EIF2S1,243,True,1.4471113096587342,0.19366767558884201,0.1338305314153849,strong
EIF2S2,120,False,,,,target_not_measured
EIF2S3,57,False,,,,target_not_measured
EIF3A,379,True,4.324054337564278,1.3247258597648301,0.30636198260890557,medium
EIF3B,34,False,,,,target_not_measured
EIF3CL,44,False,,,,target_not_measured
EIF3D,186,True,1.6648636979033626,0.3243314729321373,0.19480962516065578,strong
EIF3E,232,True,6.132208154812826,1.9557625334977156,0.3189328353054596,medium
EIF3F,67,False,,,,target_not_measured
EIF3G,67,False,,,,target_not_measured
EIF3H,369,True,3.343580995366468,0.3691823495602072,0.11041525540186399,strong
EIF3I,61,False,,,,target_not_measured
EIF3J,82,False,,,,target_not_measured
EIF3L,57,False,,,,target_not_measured
EIF3M,246,True,3.4424818795652206,0.5934655455116135,0.17239467520060472,strong
EIF4A1,46,False,,,,target_not_measured
EIF4A3,7,False,,,,target_not_measured
EIF4B,41,False,,,,target_not_measured
EIF4E,357,True,1.4456459915493918,0.08855062121009653,0.06125332323938528,strong
EIF4G1,372,True,2.8370677585061364,0.6249808603160222,0.2202911292626677,medium
EIF4G2,342,True,3.6781934124279525,1.3391017999302313,0.364065085703663,medium
EIF5,175,True,3.596603239416736,1.5631436847066444,0.43461665928993065,medium
EIF5A,140,False,,,,target_not_measured
EIF6,129,False,,,,target_not_measured
ELAC2,85,False,,,,target_not_measured
ELL,83,False,,,,target_not_measured
ELOVL1,176,False,,,,target_not_measured
ELP2,189,False,,,,target_not_measured
ELP3,119,False,,,,target_not_measured
ELP5,177,False,,,,target_not_measured
ELP6,83,False,,,,target_not_measured
EMC1,83,False,,,,target_not_measured
EMC3,195,False,,,,target_not_measured
EMC4,55,False,,,,target_not_measured
EMC7,193,False,,,,target_not_measured
ENO1,70,False,,,,target_not_measured
EP400,82,False,,,,target_not_measured
EPRS,79,False,,,,target_not_measured
ERAL1,116,False,,,,target_not_measured
ERCC2,117,False,,,,target_not_measured
ERCC3,163,False,,,,target_not_measured
ERH,86,False,,,,target_not_measured
ERVW-1,175,False,,,,target_not_measured
ESF1,149,False,,,,target_not_measured
ESPL1,120,False,,,,target_not_measured
ESPN,421,False,,,,target_not_measured
ETF1,52,False,,,,target_not_measured
EWSR1,48,False,,,,target_not_measured
EXOC1,182,False,,,,target_not_measured
EXOC2,88,False,,,,target_not_measured
EXOC3,247,True,0.7977893719807467,0.840930936598144,1.0540763842344574,weak
EXOC4,108,False,,,,target_not_measured
EXOC5,110,False,,,,target_not_measured
EXOC7,32,False,,,,target_not_measured
EXOC8,18,False,,,,target_not_measured
EXOSC1,77,False,,,,target_not_measured
EXOSC10,92,False,,,,target_not_measured
EXOSC2,226,False,,,,target_not_measured
EXOSC3,53,False,,,,target_not_measured
EXOSC4,102,False,,,,target_not_measured
EXOSC5,41,False,,,,target_not_measured
EXOSC6,75,False,,,,target_not_measured
EXOSC7,113,False,,,,target_not_measured
EXOSC8,126,False,,,,target_not_measured
EXOSC9,40,False,,,,target_not_measured
F8A1,28,False,,,,target_not_measured
FAF2,165,False,,,,target_not_measured
FAM133B,25,False,,,,target_not_measured
FAM136A,50,False,,,,target_not_measured
FAM207A,103,False,,,,target_not_measured
FAM229A,137,False,,,,target_not_measured
FAM32A,396,False,,,,target_not_measured
FAM50A,38,False,,,,target_not_measured
FAM72D,120,False,,,,target_not_measured
FARS2,40,False,,,,target_not_measured
FARSA,138,False,,,,target_not_measured
FARSB,97,False,,,,target_not_measured
FASTKD5,187,False,,,,target_not_measured
FAU,48,False,,,,target_not_measured
FBL,132,False,,,,target_not_measured
FBLIM1,133,False,,,,target_not_measured
FBXO5,326,False,,,,target_not_measured
FCF1,231,False,,,,target_not_measured
FDPS,10,False,,,,target_not_measured
FDXR,140,False,,,,target_not_measured
FEN1,141,False,,,,target_not_measured
FGFR1OP,119,False,,,,target_not_measured
FIP1L1,21,False,,,,target_not_measured
FNBP4,160,False,,,,target_not_measured
FNTA,80,False,,,,target_not_measured
FNTB,102,False,,,,target_not_measured
FOLR3,304,False,,,,target_not_measured
FOXD4,94,False,,,,target_not_measured
FOXL2,164,False,,,,target_not_measured
FRG2,51,False,,,,target_not_measured
FTSJ3,207,False,,,,target_not_measured
FXN,174,False,,,,target_not_measured
GAB2,674,False,,,,target_not_measured
GABPA,110,False,,,,target_not_measured
GAK,167,False,,,,target_not_measured
GAPDH,183,True,22.583200929800324,9.188846063132127,0.40688855807888225,medium
GAR1,146,False,,,,target_not_measured
GARS,256,True,1.5858491175268241,0.5684846419791636,0.35847334761943256,medium
GATA1,108,False,,,,target_not_measured
GBF1,161,False,,,,target_not_measured
GCOM1,62,False,,,,target_not_measured
GEMIN4,81,False,,,,target_not_measured
GEMIN5,133,False,,,,target_not_measured
GEMIN6,84,False,,,,target_not_measured
GEMIN7,136,False,,,,target_not_measured
GEMIN8,86,False,,,,target_not_measured
GET1,73,False,,,,target_not_measured
GET3,121,False,,,,target_not_measured
GFER,222,False,,,,target_not_measured
GFM1,240,False,,,,target_not_measured
GGPS1,167,False,,,,target_not_measured
GINS1,186,False,,,,target_not_measured
GINS2,148,False,,,,target_not_measured
GINS3,100,False,,,,target_not_measured
GINS4,60,False,,,,target_not_measured
GIT2,107,False,,,,target_not_measured
GJA3,73,False,,,,target_not_measured
GLE1,57,False,,,,target_not_measured
GLI4,156,False,,,,target_not_measured
GLMN,79,False,,,,target_not_measured
GLRX3,136,False,,,,target_not_measured
GLRX5,99,False,,,,target_not_measured
GMPPB,164,False,,,,target_not_measured
GMPS,123,False,,,,target_not_measured
GNB1L,76,False,,,,target_not_measured
GNL2,351,True,1.5174712431083448,0.19060786346412734,0.12560888012196636,strong
GNL3,38,False,,,,target_not_measured
GNL3L,69,False,,,,target_not_measured
GNPNAT1,112,False,,,,target_not_measured
GOLGA6L1,197,False,,,,target_not_measured
GOLT1B,279,False,,,,target_not_measured
GON4L,237,False,,,,target_not_measured
GOSR2,84,False,,,,target_not_measured
GPKOW,107,False,,,,target_not_measured
GPN1,86,False,,,,target_not_measured
GPN2,44,False,,,,target_not_measured
GPN3,276,True,0.830428304243518,0.08652006844690781,0.1041872826405208,strong
GPR61,112,False,,,,target_not_measured
GPS1,431,False,,,,target_not_measured
GRB2,169,False,,,,target_not_measured
GRPEL1,123,False,,,,target_not_measured
GRSF1,172,False,,,,target_not_measured
GRWD1,189,False,,,,target_not_measured
GSDMA,110,False,,,,target_not_measured
GSPT1,108,False,,,,target_not_measured
GTF2A1,113,False,,,,target_not_measured
GTF2A2,173,True,2.264950599492253,0.21866230196006908,0.09654175327668862,strong
GTF2B,35,False,,,,target_not_measured
GTF2E1,181,False,,,,target_not_measured
GTF2E2,70,False,,,,target_not_measured
GTF2F1,41,False,,,,target_not_measured
GTF2F2,59,False,,,,target_not_measured
GTF2H1,434,False,,,,target_not_measured
GTF2H2,156,False,,,,target_not_measured
GTF2H2C,126,False,,,,target_not_measured
GTF2H3,76,False,,,,target_not_measured
GTF2H4,115,False,,,,target_not_measured
GTF3A,88,False,,,,target_not_measured
GTF3C1,160,False,,,,target_not_measured
GTF3C2,114,False,,,,target_not_measured
GTF3C3,132,False,,,,target_not_measured
GTF3C4,129,False,,,,target_not_measured
GTF3C5,166,False,,,,target_not_measured
GTF3C6,243,True,2.057472764806082,0.19459352902745922,0.09457890882254266,strong
GTPBP4,71,False,,,,target_not_measured
GUCD1,279,False,,,,target_not_measured
GUK1,118,False,,,,target_not_measured
H2AFX,139,False,,,,target_not_measured
H2AFZ,106,False,,,,target_not_measured
H3F3A,237,True,17.07788947388082,5.665670812280297,0.3317547417639316,medium
HAMP,33,False,,,,target_not_measured
HAPLN2,121,False,,,,target_not_measured
HARS,289,False,,,,target_not_measured
HARS2,62,False,,,,target_not_measured
HAUS1,53,False,,,,target_not_measured
HAUS3,164,False,,,,target_not_measured
HAUS4,189,False,,,,target_not_measured
HAUS5,160,False,,,,target_not_measured
HAUS6,33,False,,,,target_not_measured
HAUS7,239,False,,,,target_not_measured
HAUS8,122,False,,,,target_not_measured
HBS1L,143,False,,,,target_not_measured
HCFC1,55,False,,,,target_not_measured
HCRTR1,116,False,,,,target_not_measured
HDAC3,60,False,,,,target_not_measured
HDAC7,171,False,,,,target_not_measured
HEATR1,234,True,1.0925205355153433,0.07003409536981851,0.06410323018485263,strong
HECTD1,130,False,,,,target_not_measured
HGS,99,False,,,,target_not_measured
HINFP,160,False,,,,target_not_measured
HIRA,341,True,0.6661573768463313,0.3307706172816334,0.4965352464421261,medium
HIST1H2AB,97,False,,,,target_not_measured
HIST1H2AE,123,False,,,,target_not_measured
HIST1H2AI,56,False,,,,target_not_measured
HIST1H2BB,135,False,,,,target_not_measured
HIST1H2BC,64,False,,,,target_not_measured
HIST1H2BE,55,False,,,,target_not_measured
HIST1H2BJ,43,False,,,,target_not_measured
HIST1H2BL,204,False,,,,target_not_measured
HIST1H2BM,156,False,,,,target_not_measured
HIST1H2BN,107,False,,,,target_not_measured
HIST2H2AA3,67,False,,,,target_not_measured
HIST2H2AC,73,False,,,,target_not_measured
HIST2H2BE,31,False,,,,target_not_measured
HIST2H2BF,127,False,,,,target_not_measured
HIST2H3A,79,False,,,,target_not_measured
HIST2H3D,185,False,,,,target_not_measured
HJURP,111,False,,,,target_not_measured
HLA-C,44,False,,,,target_not_measured
HMGA1,114,False,,,,target_not_measured
HMGB1,241,True,15.154569792581968,13.54542760156517,0.8938180223496374,weak
HMGCR,166,False,,,,target_not_measured
HMGCS1,230,False,,,,target_not_measured
HMGN2,107,False,,,,target_not_measured
HNRNPC,334,True,8.739049038745803,2.4394522897341786,0.27914390672469325,medium
HNRNPH1,160,False,,,,target_not_measured
HNRNPK,25,False,,,,target_not_measured
HNRNPL,80,False,,,,target_not_measured
HNRNPM,258,True,4.027999268714,2.3560340807931355,0.5849142275403976,weak
HNRNPR,149,True,4.142912730189988,0.4132591260409034,0.09975086441706242,strong
HNRNPU,93,False,,,,target_not_measured
HOXC10,83,False,,,,target_not_measured
HS6ST1,172,False,,,,target_not_measured
HSCB,86,False,,,,target_not_measured
HSD17B10,26,False,,,,target_not_measured
HSD17B12,142,False,,,,target_not_measured
HSF1,131,False,,,,target_not_measured
HSP90B1,114,False,,,,target_not_measured
HSPA14,120,False,,,,target_not_measured
HSPA5,438,True,3.8806578109151078,1.883482846113423,0.4853514372784325,medium
HSPA8,255,True,12.080493747180457,5.250492633557776,0.4346256654272283,medium
HSPA9,420,True,5.320551940789263,0.6831583758314075,0.1283999072716629,strong
HSPD1,145,True,19.331927993351403,6.641364584049558,0.34354382999634814,medium
HSPE1,29,False,,,,target_not_measured
HTATSF1,96,False,,,,target_not_measured
HUS1,201,False,,,,target_not_measured
HUWE1,94,False,,,,target_not_measured
HYOU1,37,False,,,,target_not_measured
HYPK,121,False,,,,target_not_measured
IARS,58,False,,,,target_not_measured
IARS2,216,True,1.2153598818692184,0.14913043862521771,0.12270475671441099,strong
ICE1,429,True,0.7131171538942334,0.2601648728604103,0.3648276744426721,medium
IFITM2,150,False,,,,target_not_measured
IFITM3,20,False,,,,target_not_measured
IGBP1,281,False,,,,target_not_measured
IK,289,True,1.1803747691836068,0.7226316109261702,0.6122052332802491,weak
ILF2,56,False,,,,target_not_measured
ILF3,138,False,,,,target_not_measured
IMP3,27,False,,,,target_not_measured
IMP4,164,False,,,,target_not_measured
IMPDH2,77,False,,,,target_not_measured
INCENP,59,False,,,,target_not_measured
ING3,65,False,,,,target_not_measured
INO80,151,False,,,,target_not_measured
INO80B,116,False,,,,target_not_measured
INTS1,211,False,,,,target_not_measured
INTS2,354,False,,,,target_not_measured
INTS3,106,False,,,,target_not_measured
INTS4,48,False,,,,target_not_measured
INTS5,64,False,,,,target_not_measured
INTS6,146,False,,,,target_not_measured
INTS7,79,False,,,,target_not_measured
INTS8,323,False,,,,target_not_measured
INTS9,229,False,,,,target_not_measured
IPO11,72,False,,,,target_not_measured
IPO13,51,False,,,,target_not_measured
IPO7,75,False,,,,target_not_measured
IPO9,187,False,,,,target_not_measured
ISCA2,232,False,,,,target_not_measured
ISCU,58,False,,,,target_not_measured
ISG20L2,73,False,,,,target_not_measured
ISY1,30,False,,,,target_not_measured
JAZF1,209,False,,,,target_not_measured
JMJD6,193,False,,,,target_not_measured
KANSL1,51,False,,,,target_not_measured
KANSL2,158,False,,,,target_not_measured
KANSL3,187,False,,,,target_not_measured
KARS,59,False,,,,target_not_measured
KAT5,118,False,,,,target_not_measured
KAT8,287,False,,,,target_not_measured
KATNB1,178,False,,,,target_not_measured
KCMF1,154,False,,,,target_not_measured
KCNA10,147,False,,,,target_not_measured
KCTD10,76,False,,,,target_not_measured
KDM2A,117,False,,,,target_not_measured
KDM8,56,False,,,,target_not_measured
KIAA1143,198,False,,,,target_not_measured
KIF11,974,True,0.6744118733361835,0.39359790407365614,0.5836165103775596,weak
KIF14,118,False,,,,target_not_measured
KIF18A,47,False,,,,target_not_measured
KIF18B,122,False,,,,target_not_measured
KIF20A,96,False,,,,target_not_measured
KIF23,87,False,,,,target_not_measured
KIF4A,129,False,,,,target_not_measured
KIN,160,False,,,,target_not_measured
KLC2,127,False,,,,target_not_measured
KLF7,173,False,,,,target_not_measured
KLHL11,125,False,,,,target_not_measured
KPNA6,78,False,,,,target_not_measured
KPNB1,366,True,4.281482220734275,1.8983845061051996,0.4433942285014619,medium
KRI1,52,False,,,,target_not_measured
KRR1,449,True,0.9762115068771071,0.10476285622286466,0.10731573586752753,strong
KRT10,182,True,2.9438423715836906,1.3534850346998786,0.45976817500990996,medium
KRT17,85,False,,,,target_not_measured
KRT8,347,True,0.7404734290420577,0.32967290515714703,0.44521908852778314,medium
KRTAP4-2,132,False,,,,target_not_measured
KRTAP4-7,168,False,,,,target_not_measured
KTI12,52,False,,,,target_not_measured
KXD1,101,False,,,,target_not_measured
LAMTOR2,66,False,,,,target_not_measured
LAMTOR3,40,False,,,,target_not_measured
LAMTOR4,136,False,,,,target_not_measured
LARS,100,False,,,,target_not_measured
LARS2,149,False,,,,target_not_measured
LAS1L,83,False,,,,target_not_measured
LCE1C,157,False,,,,target_not_measured
LCE1E,123,False,,,,target_not_measured
LCN10,81,False,,,,target_not_measured
LENG8,121,False,,,,target_not_measured
LETM1,124,False,,,,target_not_measured
LIMS1,287,True,1.5066453633102428,1.023655899546343,0.6794272391329529,weak
LIN52,13,False,,,,target_not_measured
LIN54,306,False,,,,target_not_measured
LONP1,128,False,,,,target_not_measured
LPA,119,False,,,,target_not_measured
LRPPRC,110,False,,,,target_not_measured
LRR1,122,False,,,,target_not_measured
LRRC37A3,114,False,,,,target_not_measured
LRRC37B,109,False,,,,target_not_measured
LSG1,116,False,,,,target_not_measured
LSM10,135,False,,,,target_not_measured
LSM11,130,False,,,,target_not_measured
LSM12,63,False,,,,target_not_measured
LSM2,357,True,2.4844394400958443,0.5558981234336312,0.22375193150700662,medium
LSM3,74,False,,,,target_not_measured
LSM4,84,False,,,,target_not_measured
LSM5,202,True,3.3026217531629194,0.9412297736185835,0.28499472357594935,medium
LSM6,461,True,0.838537990639912,0.07875001192708152,0.09391346940284144,strong
LSM7,140,False,,,,target_not_measured
LST1,149,False,,,,target_not_measured
LTB4R2,188,False,,,,target_not_measured
LTBP3,157,False,,,,target_not_measured
LTV1,318,True,0.9118289598593374,0.20162586285153794,0.22112246016253048,medium
LUC7L3,45,False,,,,target_not_measured
LURAP1,71,False,,,,target_not_measured
LYRM4,70,False,,,,target_not_measured
MAD2L1,154,False,,,,target_not_measured
MAD2L2,200,False,,,,target_not_measured
MAGOH,242,True,1.8269112666574192,0.5187824893206668,0.28396698777267354,medium
MAK16,213,False,,,,target_not_measured
MANF,142,False,,,,target_not_measured
MARS,89,False,,,,target_not_measured
MARS2,75,False,,,,target_not_measured
MASTL,112,False,,,,target_not_measured
MAT2A,52,False,,,,target_not_measured
MAU2,66,False,,,,target_not_measured
MAX,180,False,,,,target_not_measured
MBTPS1,68,False,,,,target_not_measured
MBTPS2,214,False,,,,target_not_measured
MCL1,86,False,,,,target_not_measured
MCM10,219,False,,,,target_not_measured
MCM2,123,False,,,,target_not_measured
MCM3,124,False,,,,target_not_measured
MCM3AP,105,False,,,,target_not_measured
MCM4,87,False,,,,target_not_measured
MCM5,90,False,,,,target_not_measured
MCM6,102,False,,,,target_not_measured
MCM7,160,False,,,,target_not_measured
MCMBP,145,False,,,,target_not_measured
MCRS1,71,False,,,,target_not_measured
MDN1,84,False,,,,target_not_measured
MED1,254,True,0.7902220378495071,0.10588625166482654,0.13399556908458674,strong
MED10,516,True,0.8776333144566711,0.12560684869552097,0.14311996437063487,strong
MED11,237,False,,,,target_not_measured
MED12,573,False,,,,target_not_measured
MED14,117,False,,,,target_not_measured
MED17,151,False,,,,target_not_measured
MED18,20,False,,,,target_not_measured
MED19,544,False,,,,target_not_measured
MED20,80,False,,,,target_not_measured
MED21,63,False,,,,target_not_measured
MED22,289,False,,,,target_not_measured
MED26,105,False,,,,target_not_measured
MED27,19,False,,,,target_not_measured
MED28,73,False,,,,target_not_measured
MED29,93,False,,,,target_not_measured
MED30,288,False,,,,target_not_measured
MED31,38,False,,,,target_not_measured
MED4,66,False,,,,target_not_measured
MED6,246,False,,,,target_not_measured
MED7,272,False,,,,target_not_measured
MED8,112,False,,,,target_not_measured
MED9,119,False,,,,target_not_measured
MEPCE,127,False,,,,target_not_measured
METAP1,102,False,,,,target_not_measured
METAP2,161,True,2.3908250578455768,0.27320948398709716,0.11427414276529795,strong
METTL1,208,False,,,,target_not_measured
METTL14,121,False,,,,target_not_measured
METTL16,42,False,,,,target_not_measured
METTL17,122,False,,,,target_not_measured
METTL23,114,False,,,,target_not_measured
METTL3,138,False,,,,target_not_measured
MEX3A,171,False,,,,target_not_measured
MFAP1,197,False,,,,target_not_measured
MFN2,135,False,,,,target_not_measured
MICOS10,87,False,,,,target_not_measured
MIOS,163,False,,,,target_not_measured
MIPEP,90,False,,,,target_not_measured
MIS12,82,False,,,,target_not_measured
MIS18A,129,False,,,,target_not_measured
MIS18BP1,107,False,,,,target_not_measured
MKRN1,160,False,,,,target_not_measured
MLST8,78,False,,,,target_not_measured
MMGT1,183,False,,,,target_not_measured
MMS19,129,False,,,,target_not_measured
MMS22L,57,False,,,,target_not_measured
MNAT1,85,False,,,,target_not_measured
MOB4,118,False,,,,target_not_measured
MOCS3,118,False,,,,target_not_measured
MOG,124,False,,,,target_not_measured
MOK,123,False,,,,target_not_measured
MPHOSPH10,43,False,,,,target_not_measured
MRGBP,74,False,,,,target_not_measured
MRPL1,165,False,,,,target_not_measured
MRPL10,102,False,,,,target_not_measured
MRPL13,87,False,,,,target_not_measured
MRPL14,211,True,2.874782618651415,0.28392091614018733,0.09876256879324567,strong
MRPL15,46,False,,,,target_not_measured
MRPL16,85,False,,,,target_not_measured
MRPL17,99,False,,,,target_not_measured
MRPL18,180,True,1.7669465079159754,0.2882202955149581,0.16311772553595832,strong
MRPL19,192,False,,,,target_not_measured
MRPL2,147,False,,,,target_not_measured
MRPL20,120,False,,,,target_not_measured
MRPL21,14,False,,,,target_not_measured
MRPL22,96,False,,,,target_not_measured
MRPL24,193,False,,,,target_not_measured
MRPL27,102,False,,,,target_not_measured
MRPL28,52,False,,,,target_not_measured
MRPL3,175,True,2.3020006796901957,0.37174901234649155,0.1614895319650912,strong
MRPL32,67,False,,,,target_not_measured
MRPL33,150,False,,,,target_not_measured
MRPL34,27,False,,,,target_not_measured
MRPL35,171,False,,,,target_not_measured
MRPL36,189,True,1.58969653048495,0.17424478621529504,0.10960883594690883,strong
MRPL37,116,False,,,,target_not_measured
MRPL38,155,False,,,,target_not_measured
MRPL39,154,False,,,,target_not_measured
MRPL4,125,False,,,,target_not_measured
MRPL41,69,False,,,,target_not_measured
MRPL43,95,False,,,,target_not_measured
MRPL44,73,False,,,,target_not_measured
MRPL45,179,False,,,,target_not_measured
MRPL49,40,False,,,,target_not_measured
MRPL50,171,False,,,,target_not_measured
MRPL51,111,False,,,,target_not_measured
MRPL53,153,False,,,,target_not_measured
MRPL54,142,False,,,,target_not_measured
MRPL55,170,False,,,,target_not_measured
MRPL9,121,False,,,,target_not_measured
MRPS10,121,False,,,,target_not_measured
MRPS11,95,False,,,,target_not_measured
MRPS12,55,False,,,,target_not_measured
MRPS14,92,False,,,,target_not_measured
MRPS16,41,False,,,,target_not_measured
MRPS18A,121,False,,,,target_not_measured
MRPS18B,59,False,,,,target_not_measured
MRPS2,109,False,,,,target_not_measured
MRPS21,146,False,,,,target_not_measured
MRPS22,165,False,,,,target_not_measured
MRPS23,119,False,,,,target_not_measured
MRPS24,145,False,,,,target_not_measured
MRPS25,99,False,,,,target_not_measured
MRPS26,120,False,,,,target_not_measured
MRPS27,81,False,,,,target_not_measured
MRPS28,158,False,,,,target_not_measured
MRPS31,107,False,,,,target_not_measured
MRPS34,141,False,,,,target_not_measured
MRPS35,201,True,1.1366257608899912,0.0886762765740073,0.07801712720691174,strong
MRPS5,73,False,,,,target_not_measured
MRPS6,152,False,,,,target_not_measured
MRPS7,123,False,,,,target_not_measured
MRPS9,76,False,,,,target_not_measured
MRTO4,83,False,,,,target_not_measured
MSRB1,205,False,,,,target_not_measured
MST1,134,False,,,,target_not_measured
MSTO1,100,False,,,,target_not_measured
MT2A,112,False,,,,target_not_measured
MTBP,191,False,,,,target_not_measured
MTG2,146,False,,,,target_not_measured
MTOR,101,False,,,,target_not_measured
MTPAP,90,False,,,,target_not_measured
MTRNR2L1,43,False,,,,target_not_measured
MVD,104,False,,,,target_not_measured
MVK,136,False,,,,target_not_measured
MYBBP1A,109,False,,,,target_not_measured
MYBL2,106,False,,,,target_not_measured
MYC,74,False,,,,target_not_measured
MYCBP,208,True,1.2988798848130403,0.21369510143380557,0.16452260438582791,strong
MYO1H,124,False,,,,target_not_measured
MZF1,128,False,,,,target_not_measured
MZT1,455,True,1.4803770640480627,0.15982285249245917,0.10796090832117235,strong
N6AMT1,138,False,,,,target_not_measured
NAA10,137,False,,,,target_not_measured
NAA15,128,False,,,,target_not_measured
NAA20,182,False,,,,target_not_measured
NAA25,176,False,,,,target_not_measured
NAA35,193,False,,,,target_not_measured
NAA38,368,True,0.7741518350434001,0.6226405931083153,0.804287434225883,weak
NAA50,108,False,,,,target_not_measured
NACA,354,True,17.219551596773517,3.1681228197333877,0.18398404870931767,strong
NAE1,88,False,,,,target_not_measured
NAF1,94,False,,,,target_not_measured
NAGLU,265,False,,,,target_not_measured
NANOG,125,False,,,,target_not_measured
NAPA,12,False,,,,target_not_measured
NAPG,62,False,,,,target_not_measured
NARS,172,False,,,,target_not_measured
NASP,184,True,6.244291029728644,1.7441895278728878,0.2793254701885163,medium
NAT10,30,False,,,,target_not_measured
NBAS,107,False,,,,target_not_measured
NBEAL1,99,False,,,,target_not_measured
NBPF12,150,False,,,,target_not_measured
NBPF15,62,False,,,,target_not_measured
NBPF3,133,False,,,,target_not_measured
NCAPD2,48,False,,,,target_not_measured
NCAPD3,81,False,,,,target_not_measured
NCAPG,79,False,,,,target_not_measured
NCAPG2,84,False,,,,target_not_measured
NCAPH,68,False,,,,target_not_measured
NCAPH2,143,False,,,,target_not_measured
NCBP1,60,False,,,,target_not_measured
NCBP2,992,True,0.7328668827078272,0.2546260524616455,0.34743833903483606,medium
NCKAP1,70,False,,,,target_not_measured
NCL,298,True,19.169829550415518,11.216693530665946,0.5851222360202372,weak
NCOA4,134,False,,,,target_not_measured
NDC1,39,False,,,,target_not_measured
NDC80,214,False,,,,target_not_measured
NDOR1,42,False,,,,target_not_measured
NDUFA11,80,False,,,,target_not_measured
NDUFA2,187,True,1.589156081478191,0.6565962805865967,0.4131729338856685,medium
NDUFA4,86,False,,,,target_not_measured
NDUFA6,169,False,,,,target_not_measured
NDUFA8,109,False,,,,target_not_measured
NDUFAB1,160,True,4.470597360170537,0.7307222460998476,0.1634506951151542,strong
NDUFAF3,81,False,,,,target_not_measured
NDUFAF7,18,False,,,,target_not_measured
NDUFB10,154,True,3.9261006595212664,0.2050367634425036,0.05222402103860093,strong
NDUFB3,141,False,,,,target_not_measured
NDUFB4,166,False,,,,target_not_measured
NDUFB6,190,True,1.576443581139992,0.12585266158909866,0.07983327985521015,strong
NDUFB7,74,False,,,,target_not_measured
NDUFB8,193,True,1.851385465495202,0.08997762119387381,0.04860015532735476,strong
NDUFS3,112,False,,,,target_not_measured
NDUFS5,195,True,8.732756280815389,3.940108993266743,0.4511873303876116,medium
NEDD1,142,False,,,,target_not_measured
NEDD8,197,True,4.7336353781344,0.3320481321143437,0.07014653761634025,strong
NELFA,89,False,,,,target_not_measured
NELFB,140,False,,,,target_not_measured
NELFCD,201,False,,,,target_not_measured
NELFE,74,False,,,,target_not_measured
NEMF,63,False,,,,target_not_measured
NEPRO,42,False,,,,target_not_measured
NFATC2IP,118,False,,,,target_not_measured
NFKBIE,51,False,,,,target_not_measured
NFRKB,228,False,,,,target_not_measured
NFS1,82,False,,,,target_not_measured
NFYB,28,False,,,,target_not_measured
NFYC,23,False,,,,target_not_measured
NHLRC2,91,False,,,,target_not_measured
NHP2,66,False,,,,target_not_measured
NIFK,240,True,1.7499688395281159,0.19193606806678398,0.10967970613610474,strong
NIP7,279,True,1.2540806476527153,0.21227563358039064,0.16926792864375242,strong
NISCH,144,False,,,,target_not_measured
NKAP,123,False,,,,target_not_measured
NLE1,413,False,,,,target_not_measured
NMD3,64,False,,,,target_not_measured
NMT1,25,False,,,,target_not_measured
NOB1,53,False,,,,target_not_measured
NOC2L,28,False,,,,target_not_measured
NOC3L,83,False,,,,target_not_measured
NOC4L,34,False,,,,target_not_measured
NOL10,25,False,,,,target_not_measured
NOL11,271,True,1.3119234269688194,0.20291319154347287,0.1546684717813912,strong
NOL12,93,False,,,,target_not_measured
NOL6,114,False,,,,target_not_measured
NOL7,73,False,,,,target_not_measured
NOL8,79,False,,,,target_not_measured
NOL9,33,False,,,,target_not_measured
NOLC1,119,False,,,,target_not_measured
NOM1,80,False,,,,target_not_measured
NOMO3,191,False,,,,target_not_measured
NOP10,147,False,,,,target_not_measured
NOP14,47,False,,,,target_not_measured
NOP16,149,False,,,,target_not_measured
NOP2,58,False,,,,target_not_measured
NOP56,99,False,,,,target_not_measured
NOP58,55,False,,,,target_not_measured
NOP9,78,False,,,,target_not_measured
NOS1AP,54,False,,,,target_not_measured
NPAT,21,False,,,,target_not_measured
NPB,196,False,,,,target_not_measured
NPEPPS,153,False,,,,target_not_measured
NPLOC4,60,False,,,,target_not_measured
NPM1,27,False,,,,target_not_measured
NPM3,62,False,,,,target_not_measured
NR2C2AP,86,False,,,,target_not_measured
NRBP1,63,False,,,,target_not_measured
NRDE2,504,False,,,,target_not_measured
NRF1,71,False,,,,target_not_measured
NSA2,114,False,,,,target_not_measured
NSF,165,False,,,,target_not_measured
NSL1,72,False,,,,target_not_measured
NSMCE1,61,False,,,,target_not_measured
NSMCE2,118,False,,,,target_not_measured
NSRP1,237,False,,,,target_not_measured
NSUN4,156,False,,,,target_not_measured
NUBP1,152,False,,,,target_not_measured
NUBP2,153,False,,,,target_not_measured
NUDC,117,False,,,,target_not_measured
NUDCD3,112,False,,,,target_not_measured
NUDT21,67,False,,,,target_not_measured
NUF2,503,False,,,,target_not_measured
NUFIP1,63,False,,,,target_not_measured
NUMA1,284,False,,,,target_not_measured
NUP107,316,True,0.9698255807878667,0.28407834881996846,0.2929169475909152,medium
NUP133,79,False,,,,target_not_measured
NUP153,86,False,,,,target_not_measured
NUP155,7,False,,,,target_not_measured
NUP160,291,False,,,,target_not_measured
NUP205,735,True,0.7097665429644492,0.4611666541524081,0.6497441429491373,weak
NUP214,132,False,,,,target_not_measured
NUP35,64,False,,,,target_not_measured
NUP43,29,False,,,,target_not_measured
NUP54,291,False,,,,target_not_measured
NUP62,99,False,,,,target_not_measured
NUP85,111,False,,,,target_not_measured
NUP88,36,False,,,,target_not_measured
NUP93,159,False,,,,target_not_measured
NUP98,510,False,,,,target_not_measured
NUS1,125,False,,,,target_not_measured
NUTF2,67,False,,,,target_not_measured
NVL,110,False,,,,target_not_measured
NXF1,251,False,,,,target_not_measured
OGFOD1,114,False,,,,target_not_measured
OGT,31,False,,,,target_not_measured
OIP5,137,False,,,,target_not_measured
OLFML3,173,False,,,,target_not_measured
OPA1,60,False,,,,target_not_measured
OR1D2,125,False,,,,target_not_measured
OR1E2,32,False,,,,target_not_measured
OR2A1,188,False,,,,target_not_measured
OR2T29,103,False,,,,target_not_measured
OR2T5,106,False,,,,target_not_measured
OR4F4,66,False,,,,target_not_measured
OR4K1,19,False,,,,target_not_measured
OR4N2,118,False,,,,target_not_measured
OR7A10,38,False,,,,target_not_measured
OR7A17,108,False,,,,target_not_measured
ORC1,530,False,,,,target_not_measured
ORC3,181,False,,,,target_not_measured
ORC4,95,False,,,,target_not_measured
ORC5,89,False,,,,target_not_measured
ORC6,81,False,,,,target_not_measured
OSBP,65,False,,,,target_not_measured
OSGEP,70,False,,,,target_not_measured
OSTC,235,True,2.7809245092342008,0.5328289841005805,0.1916013837597155,strong
OTOP1,105,False,,,,target_not_measured
OTX1,108,False,,,,target_not_measured
OVCA2,76,False,,,,target_not_measured
OXA1L,344,True,0.8346256765721055,0.1024608627303447,0.12276265349415336,strong
PABPC1,19,False,,,,target_not_measured
PABPN1,148,False,,,,target_not_measured
PAF1,238,False,,,,target_not_measured
PAFAH1B1,126,False,,,,target_not_measured
PAK1IP1,21,False,,,,target_not_measured
PALB2,97,False,,,,target_not_measured
PAM16,56,False,,,,target_not_measured
PARN,123,False,,,,target_not_measured
PARS2,66,False,,,,target_not_measured
PAXBP1,129,False,,,,target_not_measured
PC,225,False,,,,target_not_measured
PCBP1,108,False,,,,target_not_measured
PCBP2,172,True,3.340141932890387,1.9886671267957368,0.5953840186290665,weak
PCF11,499,False,,,,target_not_measured
PCID2,307,True,0.6925173029271242,0.3525139313535525,0.5090326694561287,weak
PCNA,132,False,,,,target_not_measured
PDAP1,50,False,,,,target_not_measured
PDCD11,98,False,,,,target_not_measured
PDCD2,74,False,,,,target_not_measured
PDCD5,194,True,2.9222786581803275,0.3254918477275076,0.1113828918458406,strong
PDCD6,203,True,2.4387127977408456,0.308443233803915,0.12647788377936428,strong
PDCD6IP,257,True,1.2113828722836513,0.16296369090798243,0.13452698947341868,strong
PDCD7,99,False,,,,target_not_measured
PDPK1,80,False,,,,target_not_measured
PDRG1,116,False,,,,target_not_measured
PEF1,48,False,,,,target_not_measured
PELO,286,False,,,,target_not_measured
PELP1,69,False,,,,target_not_measured
PES1,65,False,,,,target_not_measured
PET117,83,False,,,,target_not_measured
PEX1,53,False,,,,target_not_measured
PFDN1,34,False,,,,target_not_measured
PFDN2,86,False,,,,target_not_measured
PFDN4,34,False,,,,target_not_measured
PFDN5,110,False,,,,target_not_measured
PFDN6,115,False,,,,target_not_measured
PFN1,259,True,8.859872061384467,1.071321442866502,0.12091838747151103,strong
PGAM1,160,False,,,,target_not_measured
PGD,115,False,,,,target_not_measured
PGK1,33,False,,,,target_not_measured
PGPEP1,52,False,,,,target_not_measured
PGS1,104,False,,,,target_not_measured
PHAX,412,False,,,,target_not_measured
PHB,256,True,4.863796816482805,0.7759274422025959,0.1595312204599242,strong
PHB2,415,True,2.6853802722776576,0.6650522178539859,0.24765662603527988,medium
PHF12,110,False,,,,target_not_measured
PHF5A,231,False,,,,target_not_measured
PI4KA,109,False,,,,target_not_measured
PIAS4,206,False,,,,target_not_measured
PIGH,85,False,,,,target_not_measured
PIK3C3,115,False,,,,target_not_measured
PIK3R4,77,False,,,,target_not_measured
PKM,149,True,3.7319714295038944,2.487535104418889,0.6665471993577311,weak
PKMYT1,92,False,,,,target_not_measured
PLA2G10,202,False,,,,target_not_measured
PLEKHN1,104,False,,,,target_not_measured
PLK1,60,False,,,,target_not_measured
PLK4,32,False,,,,target_not_measured
PLRG1,94,False,,,,target_not_measured
PMF1,265,True,0.9351012651648706,0.03336818007849443,0.03568402837377317,strong
PMPCA,140,False,,,,target_not_measured
PMPCB,553,True,0.6104367681845616,0.16779492716674824,0.27487683559063814,medium
PNISR,196,True,2.108297988378174,1.0304923525145036,0.48877927038540625,medium
PNKP,185,False,,,,target_not_measured
PNN,86,False,,,,target_not_measured
PNO1,134,False,,,,target_not_measured
PNPT1,131,False,,,,target_not_measured
POGZ,38,False,,,,target_not_measured
POLA1,230,False,,,,target_not_measured
POLA2,234,False,,,,target_not_measured
POLD1,212,False,,,,target_not_measured
POLD2,78,False,,,,target_not_measured
POLD3,68,False,,,,target_not_measured
POLE,168,False,,,,target_not_measured
POLE2,56,False,,,,target_not_measured
POLG2,156,False,,,,target_not_measured
POLR1A,127,False,,,,target_not_measured
POLR1B,181,False,,,,target_not_measured
POLR1C,187,False,,,,target_not_measured
POLR1E,209,False,,,,target_not_measured
POLR2A,410,True,1.0694460430736719,0.442110325700331,0.4134012450311857,medium
POLR2B,320,True,1.1729119474219352,0.3417950750035474,0.29140727550334383,medium
POLR2C,185,False,,,,target_not_measured
POLR2D,281,False,,,,target_not_measured
POLR2E,225,True,2.127013840488958,1.195072882711866,0.5618547749727584,weak
POLR2F,337,True,2.401671985883608,0.7860850142420243,0.32730740037041856,medium
POLR2G,155,False,,,,target_not_measured
POLR2H,102,False,,,,target_not_measured
POLR2I,223,True,1.0817033054409884,0.22128561067386682,0.20457144723585105,medium
POLR2K,22,False,,,,target_not_measured
POLR2L,62,False,,,,target_not_measured
POLR3A,6,False,,,,target_not_measured
POLR3B,113,False,,,,target_not_measured
POLR3C,175,False,,,,target_not_measured
POLR3D,118,False,,,,target_not_measured
POLR3E,221,False,,,,target_not_measured
POLR3F,165,False,,,,target_not_measured
POLR3H,109,False,,,,target_not_measured
POLR3K,108,False,,,,target_not_measured
POLRMT,214,False,,,,target_not_measured
POP1,84,False,,,,target_not_measured
POP4,128,False,,,,target_not_measured
POP5,56,False,,,,target_not_measured
POP7,218,True,1.5003429869110723,0.11365467929665202,0.07575246479516387,strong
POT1,5,False,,,,target_not_measured
POTEI,126,False,,,,target_not_measured
POU5F1B,81,False,,,,target_not_measured
PPA1,143,True,5.761501089604101,0.6164398884079801,0.10699293097770438,strong
PPA2,64,False,,,,target_not_measured
PPAN,103,False,,,,target_not_measured
PPARGC1B,142,False,,,,target_not_measured
PPIA,158,True,13.749386478120117,1.8618083681985143,0.13541028693616805,strong
PPIE,46,False,,,,target_not_measured
PPIH,114,False,,,,target_not_measured
PPIL1,24,False,,,,target_not_measured
PPIL2,130,False,,,,target_not_measured
PPIL4,74,False,,,,target_not_measured
PPME1,222,False,,,,target_not_measured
PPP1CA,248,True,2.392539662737801,1.88557959051183,0.7881079757541605,weak
PPP1CB,160,False,,,,target_not_measured
PPP1R10,7,False,,,,target_not_measured
PPP1R11,77,False,,,,target_not_measured
PPP1R12A,179,False,,,,target_not_measured
PPP1R15B,135,False,,,,target_not_measured
PPP1R2,80,False,,,,target_not_measured
PPP1R7,63,False,,,,target_not_measured
PPP1R8,69,False,,,,target_not_measured
PPP2CA,184,False,,,,target_not_measured
PPP2R1A,455,True,0.7831163253491586,0.36165442263771447,0.4618144341154783,medium
PPP2R3C,52,False,,,,target_not_measured
PPP4C,171,False,,,,target_not_measured
PPP4R2,187,False,,,,target_not_measured
PPP6C,114,False,,,,target_not_measured
PPRC1,122,False,,,,target_not_measured
PPWD1,24,False,,,,target_not_measured
PPY,10,False,,,,target_not_measured
PRC1,187,False,,,,target_not_measured
PRDM10,14,False,,,,target_not_measured
PREB,40,False,,,,target_not_measured
PRELID1,152,True,7.154580063771622,2.038731101075078,0.2849546839790813,medium
PRELID3B,273,True,0.7577525372995129,0.12185215717645462,0.16080732320700994,strong
PRIM1,181,False,,,,target_not_measured
PRIM2,156,False,,,,target_not_measured
PRKRA,78,False,,,,target_not_measured
PRKRIP1,182,False,,,,target_not_measured
PRMT1,58,False,,,,target_not_measured
PRMT5,127,False,,,,target_not_measured
PRODH,379,False,,,,target_not_measured
PRORP,42,False,,,,target_not_measured
PRPF18,268,False,,,,target_not_measured
PRPF19,112,False,,,,target_not_measured
PRPF3,143,False,,,,target_not_measured
PRPF31,27,False,,,,target_not_measured
PRPF38A,19,False,,,,target_not_measured
PRPF38B,29,False,,,,target_not_measured
PRPF4,117,False,,,,target_not_measured
PRPF40A,118,False,,,,target_not_measured
PRPF4B,208,True,1.3050788177510129,0.2598209986148039,0.19908452660548306,strong
PRPF6,232,False,,,,target_not_measured
PRPF8,150,False,,,,target_not_measured
PRRC2A,89,False,,,,target_not_measured
PSAT1,72,False,,,,target_not_measured
PSMA1,170,True,2.180078974834183,1.28537486711616,0.5896001392398758,weak
PSMA2,64,False,,,,target_not_measured
PSMA3,372,True,2.4546935793818045,1.0111247122241622,0.4119148396839031,medium
PSMA4,388,True,4.440337159939864,1.4949473081026254,0.33667427815838913,medium
PSMA5,25,False,,,,target_not_measured
PSMA6,40,False,,,,target_not_measured
PSMA7,41,False,,,,target_not_measured
PSMB1,143,True,5.688738033941711,1.9920222349828094,0.3501694441012153,medium
PSMB2,53,False,,,,target_not_measured
PSMB3,31,False,,,,target_not_measured
PSMB4,101,False,,,,target_not_measured
PSMB5,270,True,6.065181358453808,2.085464707414169,0.3438421020184984,medium
PSMB6,200,True,2.456819205212218,1.2509142952456695,0.5091600930959087,weak
PSMB7,404,True,2.9699178296435327,1.4550077313556506,0.4899151474269204,medium
PSMC1,316,True,1.3680392724289505,0.6541958578680239,0.4781996182803296,medium
PSMC2,432,True,1.214768413314597,0.4386182770466356,0.36107151967330875,medium
PSMC3,41,False,,,,target_not_measured
PSMC4,242,True,1.2478084474545088,0.4821052414583646,0.38636157852741304,medium
PSMC5,17,False,,,,target_not_measured
PSMC6,151,False,,,,target_not_measured
PSMD1,281,True,1.9046319018498992,1.0885610357626387,0.5715335518140588,weak
PSMD11,80,False,,,,target_not_measured
PSMD12,265,True,2.19677229658514,1.2262733292530388,0.5582159476242795,weak
PSMD13,122,False,,,,target_not_measured
PSMD14,10,False,,,,target_not_measured
PSMD2,63,False,,,,target_not_measured
PSMD3,64,False,,,,target_not_measured
PSMD4,352,True,1.703905935365052,0.2251884706885079,0.13216015392320501,strong
PSMD6,555,True,1.3973952478759855,0.6676513989303775,0.47778278904640265,medium
PSMD7,373,True,2.6025318599021827,1.185214312833035,0.45540818581086717,medium
PSMD8,22,False,,,,target_not_measured
PSMD9,94,False,,,,target_not_measured
PSME1,121,False,,,,target_not_measured
PSME2,151,False,,,,target_not_measured
PSMG1,109,False,,,,target_not_measured
PSMG2,164,False,,,,target_not_measured
PSMG3,439,True,1.3041673129118403,0.3412681666448366,0.2616751418825859,medium
PSMG4,62,False,,,,target_not_measured
PSTK,379,False,,,,target_not_measured
PTBP1,152,False,,,,target_not_measured
PTCD1,267,False,,,,target_not_measured
PTCD3,65,False,,,,target_not_measured
PTK2,144,False,,,,target_not_measured
PTMA,152,True,32.51732640306315,3.078736101281005,0.0946798658388774,strong
PTPMT1,183,False,,,,target_not_measured
PTPN23,140,False,,,,target_not_measured
PUF60,89,False,,,,target_not_measured
PWP1,69,False,,,,target_not_measured
PWP2,51,False,,,,target_not_measured
PXN,161,False,,,,target_not_measured
PYROXD1,100,False,,,,target_not_measured
QARS,400,True,0.6738111345323345,0.04966823999285002,0.07371240611410015,strong
QRSL1,126,False,,,,target_not_measured
RAB18,43,False,,,,target_not_measured
RAB4A,303,False,,,,target_not_measured
RAB6A,59,False,,,,target_not_measured
RABGGTA,116,False,,,,target_not_measured
RABGGTB,169,False,,,,target_not_measured
RAC1,194,True,3.8916245265391214,0.9110477980735026,0.23410475287648336,medium
RAC3,220,False,,,,target_not_measured
RACGAP1,175,False,,,,target_not_measured
RAD17,129,False,,,,target_not_measured
RAD21,117,False,,,,target_not_measured
RAD51,241,False,,,,target_not_measured
RAD51C,65,False,,,,target_not_measured
RAD51D,142,False,,,,target_not_measured
RAD9A,41,False,,,,target_not_measured
RAE1,59,False,,,,target_not_measured
RAN,193,True,15.3274188294253,10.851384673254634,0.7079720854513575,weak
RANBP2,85,False,,,,target_not_measured
RANGAP1,130,False,,,,target_not_measured
RARS,404,True,1.1021918217097446,0.17523047734934255,0.15898364866972167,strong
RARS2,148,False,,,,target_not_measured
RBBP4,90,False,,,,target_not_measured
RBBP5,23,False,,,,target_not_measured
RBBP6,86,False,,,,target_not_measured
RBBP8,117,False,,,,target_not_measured
RBM10,130,False,,,,target_not_measured
RBM14,228,False,,,,target_not_measured
RBM17,76,False,,,,target_not_measured
RBM19,43,False,,,,target_not_measured
RBM22,5,False,,,,target_not_measured
RBM25,70,False,,,,target_not_measured
RBM28,68,False,,,,target_not_measured
RBM39,79,False,,,,target_not_measured
RBM4,221,True,1.3043562579513772,0.6881938124601397,0.5276118455099202,weak
RBM42,79,False,,,,target_not_measured
RBM48,55,False,,,,target_not_measured
RBM8A,39,False,,,,target_not_measured
RBMX,147,False,,,,target_not_measured
RBMX2,244,False,,,,target_not_measured
RBMXL1,60,False,,,,target_not_measured
RBX1,57,False,,,,target_not_measured
RCC1,226,False,,,,target_not_measured
RCL1,106,False,,,,target_not_measured
RCOR1,35,False,,,,target_not_measured
REV3L,101,False,,,,target_not_measured
REXO2,79,False,,,,target_not_measured
RFC1,149,False,,,,target_not_measured
RFC2,97,False,,,,target_not_measured
RFC3,229,False,,,,target_not_measured
RFC4,72,False,,,,target_not_measured
RFC5,111,False,,,,target_not_measured
RFFL,7,False,,,,target_not_measured
RFT1,121,False,,,,target_not_measured
RGP1,130,False,,,,target_not_measured
RGPD6,202,False,,,,target_not_measured
RHOQ,185,False,,,,target_not_measured
RHPN1,225,False,,,,target_not_measured
RINT1,145,False,,,,target_not_measured
RIOK1,326,False,,,,target_not_measured
RIOK2,174,False,,,,target_not_measured
RMI1,203,False,,,,target_not_measured
RNASEH2C,102,False,,,,target_not_measured
RNF103,111,False,,,,target_not_measured
RNF113A,176,False,,,,target_not_measured
RNF123,111,False,,,,target_not_measured
RNF14,240,False,,,,target_not_measured
RNF168,61,False,,,,target_not_measured
RNF20,124,False,,,,target_not_measured
RNF4,32,False,,,,target_not_measured
RNF40,198,False,,,,target_not_measured
RNF8,176,False,,,,target_not_measured
RNGTT,115,False,,,,target_not_measured
RNMT,114,False,,,,target_not_measured
RNPC3,74,False,,,,target_not_measured
RNPS1,131,False,,,,target_not_measured
ROMO1,87,False,,,,target_not_measured
RPA1,469,False,,,,target_not_measured
RPA2,225,True,0.9873794713775118,0.18059128713544015,0.18289957647538876,strong
RPA3,208,True,1.0979000501302179,0.24191958989917478,0.22034755337745143,medium
RPAIN,108,False,,,,target_not_measured
RPAP1,91,False,,,,target_not_measured
RPAP2,398,False,,,,target_not_measured
RPAP3,18,False,,,,target_not_measured
RPE,118,False,,,,target_not_measured
RPF1,125,False,,,,target_not_measured
RPF2,68,False,,,,target_not_measured
RPL10,276,True,36.99800738330425,12.590849215907074,0.34031154936167807,medium
RPL10A,257,True,20.81631549024575,6.452431979430038,0.3099699359597794,medium
RPL11,387,True,36.627429596873164,11.227639787616509,0.3065363830110262,medium
RPL12,255,True,25.110738729499207,9.189999251801373,0.36597884876263265,medium
RPL13,337,True,36.33702328878916,13.620242717055282,0.3748309983679222,medium
RPL13A,158,True,28.768442456095293,13.221159099465615,0.4595715989714414,medium
RPL14,220,True,39.37119127931477,7.81111288864298,0.19839666098055966,strong
RPL15,168,True,39.02358770011835,11.262334681892405,0.2886032614028015,medium
RPL17,149,True,20.83702573948878,2.9754599964430812,0.1427967711727788,strong
RPL18,308,True,31.010317184517948,10.760807697299109,0.3470073405979702,medium
RPL18A,65,False,,,,target_not_measured
RPL19,238,True,43.59321089832539,8.155841921829193,0.18708972690383988,strong
RPL21,262,True,24.040367240033447,7.318551804456212,0.304427620900438,medium
RPL23,398,True,14.328361416330898,2.125665096526098,0.1483536766530295,strong
RPL23A,99,False,,,,target_not_measured
RPL24,460,True,19.817460594866244,2.905693060697949,0.1466228756599963,strong
RPL26,209,True,18.795549467028902,2.427896461374024,0.12917400822109684,strong
RPL26L1,148,False,,,,target_not_measured
RPL27,38,False,,,,target_not_measured
RPL27A,202,True,10.986013528580015,1.9760950419742747,0.17987371277429082,strong
RPL28,50,False,,,,target_not_measured
RPL29,88,False,,,,target_not_measured
RPL3,1996,True,31.431331623176145,23.27663648716729,0.7405552130665719,weak
RPL30,365,True,23.15410889601834,5.445590156207168,0.23518893258481696,medium
RPL31,294,True,4.025659712874568,0.6355995820250876,0.1578870613411163,strong
RPL32,208,True,41.14930050026524,13.365268041036114,0.3247993982534397,medium
RPL34,330,True,21.76360522670783,6.623992002736406,0.30436097024070186,medium
RPL35,46,False,,,,target_not_measured
RPL35A,137,False,,,,target_not_measured
RPL36,204,True,18.37389272050416,2.7572385875914573,0.1500628434884974,strong
RPL36A,84,False,,,,target_not_measured
RPL36AL,152,True,3.090199104764606,0.31377284118110443,0.10153806617098411,strong
RPL37,382,True,27.73210753501754,8.96138171850923,0.32314102731621197,medium
RPL37A,386,True,22.915025056624042,7.0458457929466105,0.30747711492944096,medium
RPL38,184,True,7.386808641534805,1.0485122055760188,0.14194387000637973,strong
RPL39,37,False,,,,target_not_measured
RPL4,345,True,16.320170498392113,4.993150223713509,0.30594963601669733,medium
RPL41,47,False,,,,target_not_measured
RPL5,200,True,28.455892623858812,8.951376639234814,0.3145702283023637,medium
RPL6,273,True,25.351553664652073,3.8583367392235837,0.15219330500454895,strong
RPL7,301,True,25.099524295419265,7.172985718117215,0.2857817396733015,medium
RPL7A,10,False,,,,target_not_measured
RPL7L1,30,False,,,,target_not_measured
RPL8,384,True,33.741910549648914,11.266798085758063,0.3339110886794552,medium
RPL9,242,True,25.62499370191568,8.591050575289993,0.335260592655199,medium
RPLP0,184,True,40.99431672262984,13.604608388864776,0.3318657188730434,medium
RPLP1,117,False,,,,target_not_measured
RPLP2,222,True,17.40635504401,3.5526332825770144,0.20409978272846804,medium
RPN1,52,False,,,,target_not_measured
RPN2,105,False,,,,target_not_measured
RPP14,56,False,,,,target_not_measured
RPP21,60,False,,,,target_not_measured
RPP30,101,False,,,,target_not_measured
RPP38,56,False,,,,target_not_measured
RPP40,78,False,,,,target_not_measured
RPS10,106,False,,,,target_not_measured
RPS10-NUDT3,164,False,,,,target_not_measured
RPS11,268,True,19.981474493446825,4.125352846147872,0.20645888007418237,medium
RPS12,485,True,59.45198290608146,12.933297995678439,0.21754191136247983,medium
RPS13,135,False,,,,target_not_measured
RPS14,181,True,38.70442309234467,10.84550727131475,0.2802136398064509,medium
RPS15,26,False,,,,target_not_measured
RPS15A,314,True,25.14123505557951,7.109564745402514,0.28278502347579426,medium
RPS16,57,False,,,,target_not_measured
RPS17,223,True,13.681551784775639,5.3708367760622,0.39256049756276057,medium
RPS18,122,False,,,,target_not_measured
RPS19,422,True,38.905004763552014,5.002444452690472,0.12858100090446437,strong
RPS19BP1,54,False,,,,target_not_measured
RPS2,53,False,,,,target_not_measured
RPS20,273,True,9.664415476931566,3.7028110893486446,0.3831386490147338,medium
RPS21,75,False,,,,target_not_measured
RPS23,114,False,,,,target_not_measured
RPS24,243,True,25.574171919746703,4.6439256847269705,0.18158655143556124,strong
RPS25,40,False,,,,target_not_measured
RPS26,87,False,,,,target_not_measured
RPS27,174,True,21.65689529610473,3.65507320137293,0.16877179999251057,strong
RPS27A,97,False,,,,target_not_measured
RPS28,309,True,21.259679372312835,5.6738625467358945,0.2668837308113474,medium
RPS29,403,True,13.150526295877727,7.307946456271383,0.5557151319915,weak
RPS3,276,True,44.14359063641549,6.4025858325087945,0.14503998746370877,strong
RPS3A,160,True,40.501993385706804,14.467219359977218,0.35719771178182835,medium
RPS4X,180,True,33.135043408442236,3.2465592657233273,0.09797962917097493,strong
RPS5,144,True,27.814823463298417,5.200690371612193,0.18697549450473738,strong
RPS6,178,True,26.113445075736625,3.0886830174843563,0.11827941539411106,strong
RPS7,265,True,31.698952966546752,5.864791321069482,0.1850153008920782,strong
RPS8,22,False,,,,target_not_measured
RPS9,276,True,24.697244993221915,7.194292676348852,0.29129940114062536,medium
RPSA,224,True,41.97736620627489,12.41983222364887,0.29586973519535203,medium
RPTOR,82,False,,,,target_not_measured
RPUSD3,164,False,,,,target_not_measured
RPUSD4,126,False,,,,target_not_measured
RRM1,103,False,,,,target_not_measured
RRM2,577,True,1.038166040109198,0.7452826312020202,0.7178838474851563,weak
RRN3,39,False,,,,target_not_measured
RRP1,109,False,,,,target_not_measured
RRP12,204,False,,,,target_not_measured
RRP15,32,False,,,,target_not_measured
RRP7A,46,False,,,,target_not_measured
RRP9,110,False,,,,target_not_measured
RRS1,72,False,,,,target_not_measured
RSL1D1,211,True,4.810658224700899,2.169799317575897,0.45104000663252347,medium
RSL24D1,179,True,1.9723356167354127,0.6394265318812858,0.32419762968112764,medium
RSRC2,98,False,,,,target_not_measured
RTCB,171,False,,,,target_not_measured
RTEL1,140,False,,,,target_not_measured
RTF1,62,False,,,,target_not_measured
RTTN,125,False,,,,target_not_measured
RUVBL1,211,True,1.8551231498271232,0.24652198133319564,0.13288712469367261,strong
RUVBL2,14,False,,,,target_not_measured
SACM1L,193,False,,,,target_not_measured
SAE1,121,False,,,,target_not_measured
SAMM50,102,False,,,,target_not_measured
SAP130,113,False,,,,target_not_measured
SAP18,57,False,,,,target_not_measured
SAP30BP,40,False,,,,target_not_measured
SARNP,93,False,,,,target_not_measured
SARS,28,False,,,,target_not_measured
SARS2,163,False,,,,target_not_measured
SART1,306,False,,,,target_not_measured
SART3,154,False,,,,target_not_measured
SASS6,68,False,,,,target_not_measured
SBDS,95,False,,,,target_not_measured
SBNO1,183,True,1.5538555104244025,0.3736603120337155,0.2404730102167982,medium
SCAF1,174,False,,,,target_not_measured
SCAP,140,False,,,,target_not_measured
SCD,24,False,,,,target_not_measured
SCFD1,152,False,,,,target_not_measured
SCNM1,101,False,,,,target_not_measured
SDAD1,240,True,0.854678349341507,0.10993052482550854,0.12862210082916609,strong
SDC1,170,False,,,,target_not_measured
SDE2,151,False,,,,target_not_measured
SDHA,62,False,,,,target_not_measured
SDHAF2,126,False,,,,target_not_measured
SDHC,104,False,,,,target_not_measured
SDHD,45,False,,,,target_not_measured
SEC13,56,False,,,,target_not_measured
SEC16A,153,False,,,,target_not_measured
SEC61A1,180,False,,,,target_not_measured
SEC61B,84,False,,,,target_not_measured
SEC61G,98,False,,,,target_not_measured
SEC62,5,False,,,,target_not_measured
SEC63,78,False,,,,target_not_measured
SEH1L,60,False,,,,target_not_measured
SEM1,88,False,,,,target_not_measured
SENP6,94,False,,,,target_not_measured
SEPHS2,158,False,,,,target_not_measured
SEPSECS,82,False,,,,target_not_measured
SERBP1,109,False,,,,target_not_measured
SET,17,False,,,,target_not_measured
SETD1A,69,False,,,,target_not_measured
SETD2,109,False,,,,target_not_measured
SETDB1,124,False,,,,target_not_measured
SF1,47,False,,,,target_not_measured
SF3A1,332,True,0.9074869312267497,0.5749612428944324,0.6335752318958403,weak
SF3A2,321,False,,,,target_not_measured
SF3A3,25,False,,,,target_not_measured
SF3B1,165,True,3.269726079628779,2.1745192807173512,0.6650463151225898,weak
SF3B2,500,True,2.1495230328478145,1.2931369592220343,0.6015925112041299,weak
SF3B3,381,True,0.8750692774407558,0.49779733410333976,0.5688661994387545,weak
SF3B4,238,False,,,,target_not_measured
SF3B5,84,False,,,,target_not_measured
SFPQ,303,True,6.655332952214775,2.971067707388167,0.4464190940889665,medium
SFSWAP,172,False,,,,target_not_measured
SGPP1,159,False,,,,target_not_measured
SHQ1,94,False,,,,target_not_measured
SIGLEC14,97,False,,,,target_not_measured
SIN3A,307,False,,,,target_not_measured
SKA1,68,False,,,,target_not_measured
SKA3,116,False,,,,target_not_measured
SKP1,66,False,,,,target_not_measured
SKP2,202,False,,,,target_not_measured
SLBP,83,False,,,,target_not_measured
SLC16A5,179,False,,,,target_not_measured
SLC1A5,490,True,1.2605370211673808,0.3337597049410046,0.26477580534041784,medium
SLC25A10,303,False,,,,target_not_measured
SLC25A26,36,False,,,,target_not_measured
SLC25A3,114,False,,,,target_not_measured
SLC35B1,70,False,,,,target_not_measured
SLC35G6,163,False,,,,target_not_measured
SLC39A10,153,False,,,,target_not_measured
SLC39A7,131,False,,,,target_not_measured
SLC39A9,752,False,,,,target_not_measured
SLC4A5,226,False,,,,target_not_measured
SLC7A5,378,False,,,,target_not_measured
SLC7A6OS,38,False,,,,target_not_measured
SLC9B1,74,False,,,,target_not_measured
SLU7,225,False,,,,target_not_measured
SMAGP,117,False,,,,target_not_measured
SMARCB1,182,False,,,,target_not_measured
SMARCE1,31,False,,,,target_not_measured
SMC1A,180,True,1.916514865058215,0.2067655996539366,0.10788624884871739,strong
SMC2,134,False,,,,target_not_measured
SMC3,54,False,,,,target_not_measured
SMC4,340,True,1.9485170313584885,0.7827286245636835,0.40170478983084495,medium
SMC5,121,False,,,,target_not_measured
SMC6,125,False,,,,target_not_measured
SMG1,35,False,,,,target_not_measured
SMG5,83,False,,,,target_not_measured
SMG6,54,False,,,,target_not_measured
SMN2,319,False,,,,target_not_measured
SMNDC1,15,False,,,,target_not_measured
SMU1,155,False,,,,target_not_measured
SMUG1,71,False,,,,target_not_measured
SNAPC1,96,False,,,,target_not_measured
SNAPC2,72,False,,,,target_not_measured
SNAPC3,212,False,,,,target_not_measured
SNAPC4,104,False,,,,target_not_measured
SNAPC5,102,False,,,,target_not_measured
SNF8,132,False,,,,target_not_measured
SNIP1,45,False,,,,target_not_measured
SNRNP200,169,False,,,,target_not_measured
SNRNP25,135,False,,,,target_not_measured
SNRNP27,47,False,,,,target_not_measured
SNRNP35,168,False,,,,target_not_measured
SNRNP40,210,True,1.8202787143449612,0.14908116686123543,0.0819001868704943,strong
SNRNP48,191,False,,,,target_not_measured
SNRNP70,129,False,,,,target_not_measured
SNRPA1,159,False,,,,target_not_measured
SNRPB,269,True,5.882223968551969,3.3459016648804325,0.5688157545119955,weak
SNRPC,34,False,,,,target_not_measured
SNRPD1,146,True,5.24870390520291,1.3839160728303894,0.263668154619762,medium
SNRPD2,19,False,,,,target_not_measured
SNRPD3,182,False,,,,target_not_measured
SNRPE,184,True,5.427162358802033,1.8612589887124926,0.34295251655661513,medium
SNRPF,130,False,,,,target_not_measured
SNRPG,402,True,5.086998037673155,1.1308412830432948,0.2223003183151518,medium
SNUPN,139,False,,,,target_not_measured
SNW1,226,False,,,,target_not_measured
SNX15,637,False,,,,target_not_measured
SOD1,165,True,4.389462073371156,0.1895787454580189,0.04318951668545123,strong
SOD2,198,False,,,,target_not_measured
SON,515,True,3.2352540326066874,1.6471627206582642,0.5091293308213956,weak
SP2,118,False,,,,target_not_measured
SPATA5,70,False,,,,target_not_measured
SPATA5L1,150,False,,,,target_not_measured
SPC24,98,False,,,,target_not_measured
SPC25,199,False,,,,target_not_measured
SPCS2,122,False,,,,target_not_measured
SPCS3,167,False,,,,target_not_measured
SPDL1,88,False,,,,target_not_measured
SPDYE2,182,False,,,,target_not_measured
SPRTN,139,False,,,,target_not_measured
SPTLC1,28,False,,,,target_not_measured
SPTSSA,124,False,,,,target_not_measured
SRBD1,150,False,,,,target_not_measured
SRCAP,194,False,,,,target_not_measured
SRF,123,False,,,,target_not_measured
SRFBP1,76,False,,,,target_not_measured
SRP14,132,False,,,,target_not_measured
SRP19,124,False,,,,target_not_measured
SRP54,81,False,,,,target_not_measured
SRP68,171,False,,,,target_not_measured
SRP72,224,True,2.5461305500921894,0.21767271621706422,0.08549157709496978,strong
SRP9,168,True,4.192390206200898,0.4771990925545398,0.11382506615169605,strong
SRPRB,164,False,,,,target_not_measured
SRRM1,180,True,2.589532006245251,0.5477666929294909,0.21153115374068585,medium
SRRM2,173,True,4.140785566879734,0.8421783316377633,0.2033861251773011,medium
SRRT,307,True,1.000893708513985,0.17627067279883452,0.17611327886208963,strong
SRSF1,159,False,,,,target_not_measured
SRSF10,133,False,,,,target_not_measured
SRSF11,437,True,2.84757566262827,1.9967820463013477,0.7012217699804147,weak
SRSF2,69,False,,,,target_not_measured
SRSF3,29,False,,,,target_not_measured
SRSF6,231,False,,,,target_not_measured
SRSF7,118,False,,,,target_not_measured
SS18L2,144,False,,,,target_not_measured
SSBP1,119,False,,,,target_not_measured
SSBP3,107,False,,,,target_not_measured
SSRP1,562,True,2.612016805046445,0.4826901466992862,0.18479595757834466,strong
SSU72,85,False,,,,target_not_measured
SSX4,101,False,,,,target_not_measured
STARD7,117,False,,,,target_not_measured
STAT5A,204,False,,,,target_not_measured
STIL,171,False,,,,target_not_measured
STRAP,106,False,,,,target_not_measured
STRIP1,107,False,,,,target_not_measured
STX18,86,False,,,,target_not_measured
STX5,51,False,,,,target_not_measured
SUGP1,149,False,,,,target_not_measured
SUGT1,107,False,,,,target_not_measured
SUMO2,63,False,,,,target_not_measured
SUPT16H,93,False,,,,target_not_measured
SUPT4H1,74,False,,,,target_not_measured
SUPT5H,406,True,0.7104756163003432,0.11449141691130407,0.16114756690383658,strong
SUPT6H,288,True,0.7544848410637124,0.16349020020518473,0.21669116635224592,medium
SUPV3L1,80,False,,,,target_not_measured
SURF6,130,False,,,,target_not_measured
SYF2,86,False,,,,target_not_measured
SYMPK,89,False,,,,target_not_measured
SYS1,59,False,,,,target_not_measured
TACC3,132,False,,,,target_not_measured
TADA2A,39,False,,,,target_not_measured
TADA3,150,False,,,,target_not_measured
TAF1,97,False,,,,target_not_measured
TAF10,39,False,,,,target_not_measured
TAF12,67,False,,,,target_not_measured
TAF1B,94,False,,,,target_not_measured
TAF1C,134,False,,,,target_not_measured
TAF1D,141,False,,,,target_not_measured
TAF2,144,False,,,,target_not_measured
TAF5,35,False,,,,target_not_measured
TAF6,113,False,,,,target_not_measured
TAF7,94,False,,,,target_not_measured
TAF8,110,False,,,,target_not_measured
TAMM41,120,False,,,,target_not_measured
TANGO6,95,False,,,,target_not_measured
TARDBP,169,False,,,,target_not_measured
TARS,132,False,,,,target_not_measured
TARS2,74,False,,,,target_not_measured
TBC1D28,78,False,,,,target_not_measured
TBC1D3,32,False,,,,target_not_measured
TBCA,179,True,3.126563440380555,0.17696905519577977,0.056601779740071315,strong
TBCB,102,False,,,,target_not_measured
TBCC,141,False,,,,target_not_measured
TBCD,28,False,,,,target_not_measured
TBCE,129,False,,,,target_not_measured
TBL3,75,False,,,,target_not_measured
TBP,151,False,,,,target_not_measured
TCERG1,105,False,,,,target_not_measured
TCOF1,97,False,,,,target_not_measured
TCP1,67,False,,,,target_not_measured
TDGF1,106,False,,,,target_not_measured
TEAD3,267,False,,,,target_not_measured
TEFM,203,False,,,,target_not_measured
TELO2,74,False,,,,target_not_measured
TEN1,86,False,,,,target_not_measured
TERF1,83,False,,,,target_not_measured
TERF2,50,False,,,,target_not_measured
TEX10,162,False,,,,target_not_measured
TFAM,82,False,,,,target_not_measured
TFB2M,162,False,,,,target_not_measured
TFDP1,163,False,,,,target_not_measured
TFIP11,61,False,,,,target_not_measured
TFRC,57,False,,,,target_not_measured
TGS1,161,False,,,,target_not_measured
THAP1,110,False,,,,target_not_measured
THAP11,63,False,,,,target_not_measured
THG1L,43,False,,,,target_not_measured
THOC1,38,False,,,,target_not_measured
THOC2,190,True,2.0540791767594047,0.3669313794840665,0.1786354604221984,strong
THOC3,147,False,,,,target_not_measured
THOC5,32,False,,,,target_not_measured
THOC6,116,False,,,,target_not_measured
THOC7,132,False,,,,target_not_measured
TICRR,157,False,,,,target_not_measured
TIGD1,59,False,,,,target_not_measured
TIMELESS,64,False,,,,target_not_measured
TIMM10,54,False,,,,target_not_measured
TIMM13,178,True,5.555282202860249,0.8316060337153882,0.14969645165590673,strong
TIMM22,78,False,,,,target_not_measured
TIMM23B,498,False,,,,target_not_measured
TIMM44,45,False,,,,target_not_measured
TIMM8A,162,False,,,,target_not_measured
TIMM9,201,False,,,,target_not_measured
TINF2,76,False,,,,target_not_measured
TIPIN,109,False,,,,target_not_measured
TKT,202,True,3.9088908744039266,2.218026326637492,0.567431119953105,weak
TLCD1,155,False,,,,target_not_measured
TLN1,87,False,,,,target_not_measured
TM7SF2,100,False,,,,target_not_measured
TMA16,172,False,,,,target_not_measured
TMED2,137,False,,,,target_not_measured
TMEM127,132,False,,,,target_not_measured
TMEM199,99,False,,,,target_not_measured
TMEM240,176,False,,,,target_not_measured
TMEM258,193,True,1.7209008961198804,0.3174879710800299,0.18448939842838763,strong
TMSB10,228,True,1.9288436565243672,0.1520381641400103,0.07882347728170555,strong
TMX2,109,False,,,,target_not_measured
TNNT2,28,False,,,,target_not_measured
TNPO3,100,False,,,,target_not_measured
TOE1,146,False,,,,target_not_measured
TOMM20,111,False,,,,target_not_measured
TOMM22,104,False,,,,target_not_measured
TOMM40,117,False,,,,target_not_measured
TONSL,28,False,,,,target_not_measured
TOP1,123,False,,,,target_not_measured
TOP2A,38,False,,,,target_not_measured
TOP3A,159,False,,,,target_not_measured
TOPBP1,52,False,,,,target_not_measured
TOR2A,48,False,,,,target_not_measured
TP53RK,88,False,,,,target_not_measured
TPI1,40,False,,,,target_not_measured
TPR,77,False,,,,target_not_measured
TPRKB,40,False,,,,target_not_measured
TPT1,48,False,,,,target_not_measured
TPX2,361,True,2.514747701738144,0.6111631978042179,0.2430316160073609,medium
TRA2B,222,True,1.6889028759484335,0.40799037182180986,0.2415712458259008,medium
TRAIP,87,False,,,,target_not_measured
TRAPPC1,106,False,,,,target_not_measured
TRAPPC11,110,False,,,,target_not_measured
TRAPPC3,163,False,,,,target_not_measured
TRAPPC4,196,True,1.4313494066523045,0.20458190989584837,0.14292939861157486,strong
TRAPPC5,132,False,,,,target_not_measured
TRAPPC8,152,False,,,,target_not_measured
TREML2,58,False,,,,target_not_measured
TREX2,275,False,,,,target_not_measured
TRIAP1,66,False,,,,target_not_measured
TRIM49C,85,False,,,,target_not_measured
TRMT10C,88,False,,,,target_not_measured
TRMT112,201,True,1.922712654635665,0.2929378172578545,0.15235652428436497,strong
TRMT5,94,False,,,,target_not_measured
TRMT6,114,False,,,,target_not_measured
TRNP1,156,False,,,,target_not_measured
TRNT1,203,False,,,,target_not_measured
TRPM7,128,False,,,,target_not_measured
TRRAP,427,False,,,,target_not_measured
TSEN2,177,False,,,,target_not_measured
TSEN34,275,False,,,,target_not_measured
TSEN54,52,False,,,,target_not_measured
TSFM,98,False,,,,target_not_measured
TSG101,87,False,,,,target_not_measured
TSPYL5,93,False,,,,target_not_measured
TSR1,188,False,,,,target_not_measured
TSR2,523,False,,,,target_not_measured
TSSK3,212,False,,,,target_not_measured
TTC1,69,False,,,,target_not_measured
TTC27,89,False,,,,target_not_measured
TTC4,108,False,,,,target_not_measured
TTF2,68,False,,,,target_not_measured
TTI1,151,False,,,,target_not_measured
TTI2,43,False,,,,target_not_measured
TTK,199,False,,,,target_not_measured
TUBA1B,74,False,,,,target_not_measured
TUBA1C,51,False,,,,target_not_measured
TUBA3D,69,False,,,,target_not_measured
TUBB,107,False,,,,target_not_measured
TUBD1,190,False,,,,target_not_measured
TUBE1,134,False,,,,target_not_measured
TUBG1,13,False,,,,target_not_measured
TUBGCP2,238,False,,,,target_not_measured
TUBGCP3,30,False,,,,target_not_measured
TUBGCP4,42,False,,,,target_not_measured
TUBGCP5,72,False,,,,target_not_measured
TUBGCP6,153,False,,,,target_not_measured
TULP1,123,False,,,,target_not_measured
TUT1,208,False,,,,target_not_measured
TVP23C,113,False,,,,target_not_measured
TWF1,140,False,,,,target_not_measured
TWISTNB,169,False,,,,target_not_measured
TXN,94,False,,,,target_not_measured
TXNL4A,85,False,,,,target_not_measured
TXNL4B,135,False,,,,target_not_measured
U2AF1,141,False,,,,target_not_measured
U2AF2,107,False,,,,target_not_measured
U2SURP,290,True,3.0171559943075916,0.2920105677468114,0.09678338418621442,strong
UBA1,287,False,,,,target_not_measured
UBA2,172,True,2.1253900432902793,0.3774582891079804,0.17759483267534454,strong
UBA3,95,False,,,,target_not_measured
UBA5,102,False,,,,target_not_measured
UBA52,58,False,,,,target_not_measured
UBAP1,104,False,,,,target_not_measured
UBC,107,False,,,,target_not_measured
UBE2D3,142,False,,,,target_not_measured
UBE2H,194,False,,,,target_not_measured
UBE2I,64,False,,,,target_not_measured
UBE2L3,201,True,10.352314809294098,1.1312758728752765,0.10927757643726599,strong
UBE2M,177,True,2.0063082862110395,1.0556456096018312,0.5261632107373901,weak
UBE2N,174,True,2.258998157737206,0.6297098095687292,0.27875622979679504,medium
UBE2Z,64,False,,,,target_not_measured
UBL5,232,True,3.557460142227351,0.5199443569567084,0.14615605970813983,strong
UBQLN4,152,False,,,,target_not_measured
UBR4,26,False,,,,target_not_measured
UBR5,46,False,,,,target_not_measured
UBTF,202,True,1.196804427469139,0.8932342592644791,0.7463493940721674,weak
UFL1,162,False,,,,target_not_measured
UFM1,130,False,,,,target_not_measured
UNC45A,178,False,,,,target_not_measured
UNC50,83,False,,,,target_not_measured
UPF1,131,False,,,,target_not_measured
UPF2,154,False,,,,target_not_measured
UPF3A,76,False,,,,target_not_measured
UQCC2,101,False,,,,target_not_measured
UQCRB,96,False,,,,target_not_measured
UQCRC1,316,True,1.7547016046891053,1.162579220697901,0.6625509531598591,weak
UQCRC2,68,False,,,,target_not_measured
UQCRFS1,119,False,,,,target_not_measured
UQCRH,68,False,,,,target_not_measured
UQCRQ,166,True,2.92527340768565,0.3191341457388043,0.10909549339912451,strong
URB1,33,False,,,,target_not_measured
URB2,198,False,,,,target_not_measured
URI1,82,False,,,,target_not_measured
URM1,123,False,,,,target_not_measured
UROD,201,True,1.6021436452649054,0.13144055309117497,0.08204042969532986,strong
USF2,185,False,,,,target_not_measured
USP10,92,False,,,,target_not_measured
USP19,65,False,,,,target_not_measured
USP36,174,False,,,,target_not_measured
USP37,77,False,,,,target_not_measured
USP39,220,False,,,,target_not_measured
USP5,199,False,,,,target_not_measured
USP7,276,True,1.1206718727411475,0.5620427197643704,0.5015230001174401,weak
USP8,74,False,,,,target_not_measured
USP9X,112,False,,,,target_not_measured
USPL1,100,False,,,,target_not_measured
UTP15,152,False,,,,target_not_measured
UTP18,77,False,,,,target_not_measured
UTP20,105,False,,,,target_not_measured
UTP23,163,False,,,,target_not_measured
UTP3,27,False,,,,target_not_measured
UTP6,69,False,,,,target_not_measured
UXS1,124,False,,,,target_not_measured
UXT,215,False,,,,target_not_measured
VARS,220,True,1.187294774988879,0.16018719728643233,0.13491779856264655,strong
VARS2,126,False,,,,target_not_measured
VBP1,116,False,,,,target_not_measured
VCP,239,True,1.5864110661002593,1.2176161514437822,0.7675287808203113,weak
VEZT,204,False,,,,target_not_measured
VHL,162,False,,,,target_not_measured
VMP1,106,False,,,,target_not_measured
VPS13D,140,False,,,,target_not_measured
VPS18,157,False,,,,target_not_measured
VPS25,84,False,,,,target_not_measured
VPS28,59,False,,,,target_not_measured
VPS29,165,False,,,,target_not_measured
VPS33A,182,False,,,,target_not_measured
VPS35,43,False,,,,target_not_measured
VPS37A,75,False,,,,target_not_measured
VPS37C,177,False,,,,target_not_measured
VPS41,332,False,,,,target_not_measured
VPS51,101,False,,,,target_not_measured
VPS54,321,False,,,,target_not_measured
VPS72,98,False,,,,target_not_measured
WAC,162,False,,,,target_not_measured
WARS,76,False,,,,target_not_measured
WBP1,99,False,,,,target_not_measured
WBP11,312,True,0.8114248328810346,0.3588099479221516,0.442197395719534,medium
WBP1L,199,False,,,,target_not_measured
WDHD1,182,False,,,,target_not_measured
WDR1,102,False,,,,target_not_measured
WDR12,213,True,1.0400254127198734,0.18045587831194704,0.1735110278123099,strong
WDR18,105,False,,,,target_not_measured
WDR24,82,False,,,,target_not_measured
WDR25,159,False,,,,target_not_measured
WDR26,226,False,,,,target_not_measured
WDR3,365,True,0.6045140351102161,0.07752602175976339,0.12824519739335533,strong
WDR33,103,False,,,,target_not_measured
WDR36,285,True,0.7737745367981574,0.11668608996001675,0.15080114996140645,strong
WDR4,347,False,,,,target_not_measured
WDR43,86,False,,,,target_not_measured
WDR46,71,False,,,,target_not_measured
WDR5,78,False,,,,target_not_measured
WDR54,208,False,,,,target_not_measured
WDR55,97,False,,,,target_not_measured
WDR61,108,False,,,,target_not_measured
WDR7,103,False,,,,target_not_measured
WDR70,30,False,,,,target_not_measured
WDR74,178,False,,,,target_not_measured
WDR75,158,False,,,,target_not_measured
WDR77,42,False,,,,target_not_measured
WDR82,99,False,,,,target_not_measured
WDR83OS,83,False,,,,target_not_measured
WDR92,66,False,,,,target_not_measured
WDTC1,112,False,,,,target_not_measured
WEE1,41,False,,,,target_not_measured
WNK1,137,False,,,,target_not_measured
WTAP,165,False,,,,target_not_measured
XAB2,153,False,,,,target_not_measured
XPO1,207,True,2.4901383839095614,0.7072442695737998,0.28401805865239255,medium
XPO5,221,False,,,,target_not_measured
XRCC1,254,False,,,,target_not_measured
XRCC2,157,False,,,,target_not_measured
XRCC3,53,False,,,,target_not_measured
XRCC5,88,False,,,,target_not_measured
XRCC6,28,False,,,,target_not_measured
XRN1,10,False,,,,target_not_measured
XRN2,66,False,,,,target_not_measured
YARS,185,True,2.2434950996711196,0.2657286218819879,0.1184440393566903,strong
YARS2,190,False,,,,target_not_measured
YBX1,86,False,,,,target_not_measured
YEATS2,240,False,,,,target_not_measured
YEATS4,231,False,,,,target_not_measured
YJEFN3,179,False,,,,target_not_measured
YKT6,63,False,,,,target_not_measured
YPEL1,72,False,,,,target_not_measured
YPEL5,76,False,,,,target_not_measured
YRDC,106,False,,,,target_not_measured
YTHDC1,237,False,,,,target_not_measured
YY1,82,False,,,,target_not_measured
ZBTB11,146,False,,,,target_not_measured
ZBTB17,160,False,,,,target_not_measured
ZC3H18,32,False,,,,target_not_measured
ZC3H8,21,False,,,,target_not_measured
ZCCHC9,54,False,,,,target_not_measured
ZCRB1,146,False,,,,target_not_measured
ZFC3H1,117,False,,,,target_not_measured
ZFP69B,151,False,,,,target_not_measured
ZMAT2,436,True,0.8596288338366002,0.18239700709872378,0.21218111808170703,medium
ZMAT5,100,False,,,,target_not_measured
ZNF100,95,False,,,,target_not_measured
ZNF131,23,False,,,,target_not_measured
ZNF133,102,False,,,,target_not_measured
ZNF207,283,True,2.5036322706900873,1.5142725126420236,0.604830242192332,weak
ZNF236,85,False,,,,target_not_measured
ZNF24,59,False,,,,target_not_measured
ZNF253,118,False,,,,target_not_measured
ZNF284,218,False,,,,target_not_measured
ZNF317,132,False,,,,target_not_measured
ZNF335,146,False,,,,target_not_measured
ZNF407,112,False,,,,target_not_measured
ZNF468,207,False,,,,target_not_measured
ZNF492,157,False,,,,target_not_measured
ZNF506,177,False,,,,target_not_measured
ZNF559,111,False,,,,target_not_measured
ZNF574,314,False,,,,target_not_measured
ZNF658,111,False,,,,target_not_measured
ZNF674,126,False,,,,target_not_measured
ZNF676,89,False,,,,target_not_measured
ZNF687,205,False,,,,target_not_measured
ZNF718,330,False,,,,target_not_measured
ZNF720,73,False,,,,target_not_measured
ZNF763,148,False,,,,target_not_measured
ZNF830,15,False,,,,target_not_measured
ZNHIT2,96,False,,,,target_not_measured
ZNHIT3,72,False,,,,target_not_measured
ZNHIT6,117,False,,,,target_not_measured
ZNRD1,81,False,,,,target_not_measured
ZRANB2,40,False,,,,target_not_measured
ZRSR2,113,False,,,,target_not_measured
ZW10,200,False,,,,target_not_measured
ZWINT,33,False,,,,target_not_measured
